kind,n_fn,class,index,total,nondigest,batch_digests,step_arity,step_digests,degree_bits,prove_s,verify_ms
p5,0,deposit,0,2397586,2049372,1318;1318;1318;1318,1;1;1;1;1;3;3,1210;1102;994;886;778;464;175,17;13;13;14;16;16;12;15;12;12;9;9;9,50.55,235.3;206.8;206.1
p5,0,pay2,1,2404178,2049372,1337;1337;1337;1337,1;1;1;1;1;3;3,1229;1123;1016;909;802;481;179,17;13;13;14;16;16;12;15;12;12;9;9;9,50.10,214.2;211.9;204.6
p5,0,pay1,2,2410482,2049372,1357;1357;1357;1357,1;1;1;1;1;3;3,1249;1141;1033;925;817;497;194,17;13;13;14;16;16;12;15;12;12;9;9;9,49.79,214.5;213.9;214.0
p5,0,withdraw,3,2398386,2049372,1323;1323;1323;1323,1;1;1;1;1;3;3,1215;1107;999;891;783;459;160,17;13;13;14;16;16;12;15;12;12;9;9;9,50.60,214.1;208.4;204.4
p5,1,lock,0,2998928,2683996,1326;1326;1326;1326,1;2;1;1;3;3,1218;1002;894;786;462;175,17;13;13;14;16;16;13;16;12;12;9;9;13;13;13;14;9;9,61.30,269.0;261.5;263.8
p5,1,claim,1,3003664,2683996,1342;1342;1342;1342,1;2;1;1;3;3,1234;1018;910;802;478;179,17;13;13;14;16;16;13;16;12;12;9;9;13;13;13;14;9;9,60.68,275.4;260.6;261.5
p5,2,claim_lock,0,3631975,3339573,1336;1336;1336;1336,1;2;1;4;3,1228;1012;904;476;173,17;13;13;14;17;17;13;16;13;13;9;9;13;13;13;14;9;13;13;13;14;9;9,96.99,323.3;329.8;319.5
p5,2,lock_lock,1,3630151,3339573,1328;1328;1328;1328,1;2;1;4;3,1220;1004;896;469;179,17;13;13;14;17;17;13;16;13;13;9;9;13;13;13;14;9;13;13;13;14;9;9,97.14,378.0;327.5;319.6
p5,2,claim_claim,2,3624583,3339573,1306;1306;1306;1306,1;2;1;4;3,1198;982;874;457;171,17;13;13;14;17;17;13;16;13;13;9;9;13;13;13;14;9;13;13;13;14;9;9,95.58,317.8;328.9;317.4
p5,2,claim_lock,3,3636711,3339573,1354;1354;1354;1354,1;2;1;4;3,1246;1030;922;490;181,17;13;13;14;17;17;13;16;13;13;9;9;13;13;13;14;9;13;13;13;14;9;9,96.59,336.8;324.5;315.1
p5,2,lock_lock,4,3624743,3339573,1304;1304;1304;1304,1;2;1;4;3,1196;982;875;460;182,17;13;13;14;17;17;13;16;13;13;9;9;13;13;13;14;9;13;13;13;14;9;9,95.82,319.2;324.2;325.0
p5,2,claim_claim,5,3636263,3339573,1352;1352;1352;1352,1;2;1;4;3,1244;1028;920;488;183,17;13;13;14;17;17;13;16;13;13;9;9;13;13;13;14;9;13;13;13;14;9;9,96.25,324.7;321.6;327.9
p5,2,claim_lock,6,3632103,3339573,1334;1334;1334;1334,1;2;1;4;3,1226;1010;902;478;189,17;13;13;14;17;17;13;16;13;13;9;9;13;13;13;14;9;13;13;13;14;9;9,96.94,323.9;322.1;322.4
p5,2,lock_lock,7,3630023,3339573,1328;1328;1328;1328,1;2;1;4;3,1220;1004;896;468;176,17;13;13;14;17;17;13;16;13;13;9;9;13;13;13;14;9;13;13;13;14;9;9,96.05,334.5;341.3;347.0
p5,2,claim_claim,8,3623463,3339573,1302;1302;1302;1302,1;2;1;4;3,1194;978;870;452;169,17;13;13;14;17;17;13;16;13;13;9;9;13;13;13;14;9;13;13;13;14;9;9,95.79,318.9;318.3;314.8
p5,2,claim_lock,9,3628359,3339573,1321;1321;1321;1321,1;2;1;4;3,1213;997;889;464;177,17;13;13;14;17;17;13;16;13;13;9;9;13;13;13;14;9;13;13;13;14;9;9,96.74,322.8;320.1;330.4
p5,2,lock_lock,10,3633031,3339573,1340;1340;1340;1340,1;2;1;4;3,1232;1016;908;478;176,17;13;13;14;17;17;13;16;13;13;9;9;13;13;13;14;9;13;13;13;14;9;9,95.63,321.1;318.6;320.2
p5,2,claim_claim,11,3624647,3339573,1307;1307;1307;1307,1;2;1;4;3,1199;983;875;453;170,17;13;13;14;17;17;13;16;13;13;9;9;13;13;13;14;9;13;13;13;14;9;9,97.82,353.4;339.9;361.8
p5,2,claim_lock,12,3637159,3339573,1356;1356;1356;1356,1;2;1;4;3,1248;1032;924;492;179,17;13;13;14;17;17;13;16;13;13;9;9;13;13;13;14;9;13;13;13;14;9;9,105.39,377.7;394.7;381.9
p5,2,lock_lock,13,3633383,3339573,1340;1340;1340;1340,1;2;1;4;3,1232;1016;908;481;184,17;13;13;14;17;17;13;16;13;13;9;9;13;13;13;14;9;13;13;13;14;9;9,115.27,356.1;338.5;345.3
p5,2,claim_claim,14,3628327,3339573,1319;1319;1319;1319,1;2;1;4;3,1211;995;887;470;184,17;13;13;14;17;17;13;16;13;13;9;9;13;13;13;14;9;13;13;13;14;9;9,104.73,348.7;332.8;317.8
p5,2,claim_lock,15,3636327,3339573,1352;1352;1352;1352,1;2;1;4;3,1244;1028;920;488;185,17;13;13;14;17;17;13;16;13;13;9;9;13;13;13;14;9;13;13;13;14;9;9,96.04,331.0;321.8;326.1
p5,2,lock_lock,16,3633383,3339573,1341;1341;1341;1341,1;2;1;4;3,1233;1017;909;479;179,17;13;13;14;17;17;13;16;13;13;9;9;13;13;13;14;9;13;13;13;14;9;9,96.19,327.2;340.0;317.6
p5,2,claim_claim,17,3633415,3339573,1340;1340;1340;1340,1;2;1;4;3,1232;1016;908;483;183,17;13;13;14;17;17;13;16;13;13;9;9;13;13;13;14;9;13;13;13;14;9;9,96.05,320.5;322.5;321.0
p5,2,claim_lock,18,3619591,3339573,1290;1290;1290;1290,1;2;1;4;3,1182;966;858;428;156,17;13;13;14;17;17;13;16;13;13;9;9;13;13;13;14;9;13;13;13;14;9;9,95.17,326.2;323.8;321.5
p5,2,lock_lock,19,3635175,3339573,1347;1347;1347;1347,1;2;1;4;3,1239;1023;915;486;186,17;13;13;14;17;17;13;16;13;13;9;9;13;13;13;14;9;13;13;13;14;9;9,95.97,322.1;328.5;319.4
p5,2,claim_claim,20,3636455,3339573,1353;1353;1353;1353,1;2;1;4;3,1245;1029;921;489;181,17;13;13;14;17;17;13;16;13;13;9;9;13;13;13;14;9;13;13;13;14;9;9,96.08,329.2;352.9;322.7
p5,2,claim_lock,21,3630407,3339573,1331;1331;1331;1331,1;2;1;4;3,1223;1007;899;469;166,17;13;13;14;17;17;13;16;13;13;9;9;13;13;13;14;9;13;13;13;14;9;9,95.79,338.6;317.4;309.5
p5,2,lock_lock,22,3630279,3339573,1328;1328;1328;1328,1;2;1;4;3,1220;1004;896;469;183,17;13;13;14;17;17;13;16;13;13;9;9;13;13;13;14;9;13;13;13;14;9;9,95.50,325.4;319.2;322.2
p5,2,claim_claim,23,3634791,3339573,1346;1346;1346;1346,1;2;1;4;3,1238;1022;914;484;183,17;13;13;14;17;17;13;16;13;13;9;9;13;13;13;14;9;13;13;13;14;9;9,96.18,318.7;333.1;319.2
p5,2,claim_lock,24,3632903,3339573,1339;1339;1339;1339,1;2;1;4;3,1231;1015;907;477;180,17;13;13;14;17;17;13;16;13;13;9;9;13;13;13;14;9;13;13;13;14;9;9,95.48,326.1;330.0;319.4
p5,2,lock_lock,25,3632551,3339573,1337;1337;1337;1337,1;2;1;4;3,1229;1013;905;475;185,17;13;13;14;17;17;13;16;13;13;9;9;13;13;13;14;9;13;13;13;14;9;9,95.78,318.8;320.8;314.9
p5,2,claim_claim,26,3633671,3339573,1340;1340;1340;1340,1;2;1;4;3,1232;1016;910;486;186,17;13;13;14;17;17;13;16;13;13;9;9;13;13;13;14;9;13;13;13;14;9;9,94.92,329.3;325.8;309.4
p5,2,claim_lock,27,3635495,3339573,1348;1348;1348;1348,1;2;1;4;3,1240;1024;916;488;187,17;13;13;14;17;17;13;16;13;13;9;9;13;13;13;14;9;13;13;13;14;9;9,95.60,321.1;321.3;319.1
p5,2,lock_lock,28,3627751,3339573,1319;1319;1319;1319,1;2;1;4;3,1211;995;887;459;177,17;13;13;14;17;17;13;16;13;13;9;9;13;13;13;14;9;13;13;13;14;9;9,95.14,321.8;324.0;325.0
p5,2,claim_claim,29,3632679,3339573,1338;1338;1338;1338,1;2;1;4;3,1230;1014;906;479;178,17;13;13;14;17;17;13;16;13;13;9;9;13;13;13;14;9;13;13;13;14;9;9,96.28,318.4;324.5;321.6
p5,1,lock,2,3005424,2683996,1346;1346;1346;1346,1;2;1;1;3;3,1238;1022;914;806;490;190,17;13;13;14;16;16;13;16;12;12;9;9;13;13;13;14;9;9,61.28,266.0;269.5;255.7
p5,1,claim,3,2998192,2683996,1322;1322;1322;1322,1;2;1;1;3;3,1214;998;890;782;466;180,17;13;13;14;16;16;13;16;12;12;9;9;13;13;13;14;9;9,60.71,264.7;262.5;259.0
p5,1,lock,4,2998832,2683996,1325;1325;1325;1325,1;2;1;1;3;3,1217;1001;893;785;468;174,17;13;13;14;16;16;13;16;12;12;9;9;13;13;13;14;9;9,60.85,265.8;261.0;261.5
p5,1,claim,5,3005072,2683996,1346;1346;1346;1346,1;2;1;1;3;3,1238;1022;914;806;486;183,17;13;13;14;16;16;13;16;12;12;9;9;13;13;13;14;9;9,60.74,277.9;265.2;257.7
p5,1,lock,6,3001552,2683996,1334;1334;1334;1334,1;2;1;1;3;3,1226;1010;902;794;474;181,17;13;13;14;16;16;13;16;12;12;9;9;13;13;13;14;9;9,60.98,265.4;266.9;259.4
p5,1,claim,7,2996944,2683996,1318;1318;1318;1318,1;2;1;1;3;3,1210;994;886;780;467;170,17;13;13;14;16;16;13;16;12;12;9;9;13;13;13;14;9;9,67.13,280.1;289.5;280.0
p5,1,lock,8,2997616,2683996,1321;1321;1321;1321,1;2;1;1;3;3,1213;997;889;781;460;176,17;13;13;14;16;16;13;16;12;12;9;9;13;13;13;14;9;9,64.45,265.3;267.6;259.6
p5,1,claim,9,3003504,2683996,1341;1341;1341;1341,1;2;1;1;3;3,1233;1017;909;801;480;180,17;13;13;14;16;16;13;16;12;12;9;9;13;13;13;14;9;9,61.02,269.5;266.7;257.7
p5,1,lock,10,3005232,2683996,1346;1346;1346;1346,1;2;1;1;3;3,1238;1022;914;806;486;188,17;13;13;14;16;16;13;16;12;12;9;9;13;13;13;14;9;9,60.65,262.9;264.1;260.5
p5,1,claim,11,3001808,2683996,1336;1336;1336;1336,1;2;1;1;3;3,1228;1012;904;796;472;175,17;13;13;14;16;16;13;16;12;12;9;9;13;13;13;14;9;9,60.77,262.8;262.9;262.4
p5,1,lock,12,3003984,2683996,1342;1342;1342;1342,1;2;1;1;3;3,1234;1018;910;802;482;185,17;13;13;14;16;16;13;16;12;12;9;9;13;13;13;14;9;9,61.02,263.5;265.2;261.3
p5,1,claim,13,3000944,2683996,1333;1333;1333;1333,1;2;1;1;3;3,1225;1009;901;793;469;175,17;13;13;14;16;16;13;16;12;12;9;9;13;13;13;14;9;9,61.62,331.3;278.3;287.8
p5,1,lock,14,2998672,2683996,1325;1325;1325;1325,1;2;1;1;3;3,1217;1001;893;785;461;176,17;13;13;14;16;16;13;16;12;12;9;9;13;13;13;14;9;9,65.48,280.7;272.7;263.8
p5,1,claim,15,3004080,2683996,1341;1341;1341;1341,1;2;1;1;3;3,1233;1017;909;803;487;189,17;13;13;14;16;16;13;16;12;12;9;9;13;13;13;14;9;9,62.07,277.9;263.6;258.4
p5,1,lock,16,3000784,2683996,1332;1332;1332;1332,1;2;1;1;3;3,1224;1008;900;792;470;177,17;13;13;14;16;16;13;16;12;12;9;9;13;13;13;14;9;9,60.54,263.1;265.8;258.2
p5,1,claim,17,3003216,2683996,1339;1339;1339;1339,1;2;1;1;3;3,1231;1015;907;799;479;188,17;13;13;14;16;16;13;16;12;12;9;9;13;13;13;14;9;9,60.87,269.0;265.3;268.6
p5,1,lock,18,2998832,2683996,1326;1326;1326;1326,1;2;1;1;3;3,1218;1002;894;786;462;172,17;13;13;14;16;16;13;16;12;12;9;9;13;13;13;14;9;9,61.07,282.8;266.8;263.5
p5,1,claim,19,3002384,2683996,1338;1338;1338;1338,1;2;1;1;3;3,1230;1014;906;798;479;170,17;13;13;14;16;16;13;16;12;12;9;9;13;13;13;14;9;9,60.50,265.2;264.8;255.9
p5,1,lock,20,2998672,2683996,1325;1325;1325;1325,1;2;1;1;3;3,1217;1001;893;785;465;172,17;13;13;14;16;16;13;16;12;12;9;9;13;13;13;14;9;9,60.59,280.7;260.8;267.8
p5,1,claim,21,2995472,2683996,1313;1313;1313;1313,1;2;1;1;3;3,1205;989;881;773;455;178,17;13;13;14;16;16;13;16;12;12;9;9;13;13;13;14;9;9,60.70,265.3;266.2;258.3
p5,1,lock,22,2998896,2683996,1326;1326;1326;1326,1;2;1;1;3;3,1218;1002;894;786;465;171,17;13;13;14;16;16;13;16;12;12;9;9;13;13;13;14;9;9,60.34,272.3;262.2;261.8
p5,1,claim,23,3007728,2683996,1355;1355;1355;1355,1;2;1;1;3;3,1247;1031;923;815;494;186,17;13;13;14;16;16;13;16;12;12;9;9;13;13;13;14;9;9,60.93,360.0;354.5;351.6
p5,1,lock,24,3006320,2683996,1351;1351;1351;1351,1;2;1;1;3;3,1243;1027;919;811;487;181,17;13;13;14;16;16;13;16;12;12;9;9;13;13;13;14;9;9,60.40,280.3;296.2;260.9
p5,1,claim,25,2996816,2683996,1318;1318;1318;1318,1;2;1;1;3;3,1210;994;886;780;459;174,17;13;13;14;16;16;13;16;12;12;9;9;13;13;13;14;9;9,60.65,264.9;266.8;256.4
p5,1,lock,26,3002832,2683996,1338;1338;1338;1338,1;2;1;1;3;3,1230;1014;906;798;477;186,17;13;13;14;16;16;13;16;12;12;9;9;13;13;13;14;9;9,60.74,270.1;265.7;260.2
p5,1,claim,27,3006896,2683996,1353;1353;1353;1353,1;2;1;1;3;3,1245;1029;921;813;489;181,17;13;13;14;16;16;13;16;12;12;9;9;13;13;13;14;9;9,60.39,264.1;262.3;261.4
p5,1,lock,28,3008208,2683996,1357;1357;1357;1357,1;2;1;1;3;3,1249;1033;925;817;493;186,17;13;13;14;16;16;13;16;12;12;9;9;13;13;13;14;9;9,60.52,283.7;275.0;281.3
p5,1,claim,29,3004624,2683996,1345;1345;1345;1345,1;2;1;1;3;3,1237;1021;913;805;483;180,17;13;13;14;16;16;13;16;12;12;9;9;13;13;13;14;9;9,60.51,288.2;271.3;259.8
p5,0,deposit,4,2395698,2049372,1314;1314;1314;1314,1;1;1;1;1;3;3,1206;1098;990;882;774;450;166,17;13;13;14;16;16;12;15;12;12;9;9;9,51.40,210.2;215.5;206.5
p5,0,pay2,5,2403378,2049372,1337;1337;1337;1337,1;1;1;1;1;3;3,1229;1121;1013;905;797;473;176,17;13;13;14;16;16;12;15;12;12;9;9;9,49.81,212.1;218.2;208.4
p5,0,pay1,6,2407666,2049372,1349;1349;1349;1349,1;1;1;1;1;3;3,1241;1133;1025;917;811;490;183,17;13;13;14;16;16;12;15;12;12;9;9;9,49.90,217.7;225.9;206.6
p5,0,withdraw,7,2402386,2049372,1333;1333;1333;1333,1;1;1;1;1;3;3,1225;1117;1009;903;796;478;171,17;13;13;14;16;16;12;15;12;12;9;9;9,50.30,208.3;210.7;208.5
p5,0,deposit,8,2397778,2049372,1317;1317;1317;1317,1;1;1;1;1;3;3,1211;1104;997;890;783;464;170,17;13;13;14;16;16;12;15;12;12;9;9;9,49.78,213.5;211.4;204.7
p5,0,pay2,9,2400786,2049372,1327;1327;1327;1327,1;1;1;1;1;3;3,1219;1111;1003;895;789;474;182,17;13;13;14;16;16;12;15;12;12;9;9;9,49.73,207.1;214.5;208.4
p5,0,pay1,10,2409010,2049372,1354;1354;1354;1354,1;1;1;1;1;3;3,1246;1138;1030;922;814;490;182,17;13;13;14;16;16;12;15;12;12;9;9;9,51.04,209.5;255.9;210.0
p5,0,withdraw,11,2401202,2049372,1327;1327;1327;1327,1;1;1;1;1;3;3,1219;1111;1005;898;791;475;187,17;13;13;14;16;16;12;15;12;12;9;9;9,49.87,211.5;209.5;212.2
p5,0,deposit,12,2393010,2049372,1306;1306;1306;1306,1;1;1;1;1;3;3,1198;1090;982;874;766;447;157,17;13;13;14;16;16;12;15;12;12;9;9;9,49.95,208.8;205.0;202.5
p5,0,pay2,13,2401074,2049372,1329;1329;1329;1329,1;1;1;1;1;3;3,1221;1113;1005;897;789;470;179,17;13;13;14;16;16;12;15;12;12;9;9;9,50.31,207.5;206.6;204.0
p5,0,pay1,14,2406322,2049372,1346;1346;1346;1346,1;1;1;1;1;3;3,1238;1130;1022;914;806;482;178,17;13;13;14;16;16;12;15;12;12;9;9;9,50.01,212.0;209.8;203.5
p5,0,withdraw,15,2407314,2049372,1349;1349;1349;1349,1;1;1;1;1;3;3,1241;1133;1025;917;809;487;177,17;13;13;14;16;16;12;15;12;12;9;9;9,49.96,209.6;210.5;205.1
p5,0,deposit,16,2405298,2049372,1339;1339;1339;1339,1;1;1;1;1;3;3,1231;1125;1018;911;804;489;188,17;13;13;14;16;16;12;15;12;12;9;9;9,49.57,216.6;214.7;209.7
p5,0,pay2,17,2408306,2049372,1351;1351;1351;1351,1;1;1;1;1;3;3,1243;1135;1027;919;811;489;188,17;13;13;14;16;16;12;15;12;12;9;9;9,49.66,209.1;209.8;208.2
p5,0,pay1,18,2403250,2049372,1336;1336;1336;1336,1;1;1;1;1;3;3,1228;1120;1012;904;796;474;180,17;13;13;14;16;16;12;15;12;12;9;9;9,50.24,218.8;208.1;205.0
p5,0,withdraw,19,2396562,2049372,1315;1315;1315;1315,1;1;1;1;1;3;3,1207;1099;991;883;775;458;176,17;13;13;14;16;16;12;15;12;12;9;9;9,49.92,212.5;216.4;201.5
p5,0,deposit,20,2408178,2049372,1351;1351;1351;1351,1;1;1;1;1;3;3,1243;1135;1027;919;811;487;186,17;13;13;14;16;16;12;15;12;12;9;9;9,50.25,213.3;215.8;209.5
p5,0,pay2,21,2412146,2049372,1363;1363;1363;1363,1;1;1;1;1;3;3,1255;1147;1039;931;823;499;190,17;13;13;14;16;16;12;15;12;12;9;9;9,49.91,212.3;214.4;205.9
p5,0,pay1,22,2402802,2049372,1334;1334;1334;1334,1;1;1;1;1;3;3,1226;1118;1010;902;794;477;181,17;13;13;14;16;16;12;15;12;12;9;9;9,49.66,211.9;204.7;201.3
p5,0,withdraw,23,2399378,2049372,1322;1322;1322;1322,1;1;1;1;1;3;3,1214;1106;1000;893;786;469;181,17;13;13;14;16;16;12;15;12;12;9;9;9,49.81,211.2;222.7;205.6
p5,0,deposit,24,2402578,2049372,1334;1334;1334;1334,1;1;1;1;1;3;3,1226;1118;1010;902;794;472;179,17;13;13;14;16;16;12;15;12;12;9;9;9,49.86,209.3;226.9;224.5
p5,0,pay2,25,2395538,2049372,1311;1311;1311;1311,1;1;1;1;1;3;3,1203;1095;987;879;771;459;179,17;13;13;14;16;16;12;15;12;12;9;9;9,50.13,207.5;205.3;202.4
p5,0,pay1,26,2395090,2049372,1309;1309;1309;1309,1;1;1;1;1;3;3,1201;1093;985;877;773;458;180,17;13;13;14;16;16;12;15;12;12;9;9;9,49.88,209.9;212.1;205.1
p5,0,withdraw,27,2404594,2049372,1340;1340;1340;1340,1;1;1;1;1;3;3,1232;1124;1016;908;800;478;182,17;13;13;14;16;16;12;15;12;12;9;9;9,49.91,210.7;208.2;200.6
p5,0,deposit,28,2405714,2049372,1344;1344;1344;1344,1;1;1;1;1;3;3,1236;1128;1020;912;804;480;179,17;13;13;14;16;16;12;15;12;12;9;9;9,49.97,210.0;224.5;208.4
p5,0,pay2,29,2397394,2049372,1318;1318;1318;1318,1;1;1;1;1;3;3,1210;1102;994;886;778;462;171,17;13;13;14;16;16;12;15;12;12;9;9;9,50.29,239.6;208.9;206.2
p5,0,pay1,30,2402962,2049372,1335;1335;1335;1335,1;1;1;1;1;3;3,1227;1119;1011;903;795;473;181,17;13;13;14;16;16;12;15;12;12;9;9;9,49.95,206.9;214.5;206.0
p5,0,withdraw,31,2407698,2049372,1350;1350;1350;1350,1;1;1;1;1;3;3,1242;1134;1026;918;810;486;181,17;13;13;14;16;16;12;15;12;12;9;9;9,50.23,212.4;228.1;201.8
p5,0,deposit,32,2407570,2049372,1349;1349;1349;1349,1;1;1;1;1;3;3,1241;1133;1025;917;809;488;184,17;13;13;14;16;16;12;15;12;12;9;9;9,49.79,214.6;213.5;207.1
p5,0,pay2,33,2402674,2049372,1334;1334;1334;1334,1;1;1;1;1;3;3,1226;1118;1010;902;794;472;182,17;13;13;14;16;16;12;15;12;12;9;9;9,49.79,218.1;215.5;210.2
p5,0,pay1,34,2403218,2049372,1336;1336;1336;1336,1;1;1;1;1;3;3,1228;1120;1012;904;796;476;177,17;13;13;14;16;16;12;15;12;12;9;9;9,49.61,216.6;210.2;207.5
p5,0,withdraw,35,2397906,2049372,1320;1320;1320;1320,1;1;1;1;1;3;3,1212;1104;996;888;780;460;171,17;13;13;14;16;16;12;15;12;12;9;9;9,50.04,212.7;213.7;213.4
p5,0,deposit,36,2398514,2049372,1322;1322;1322;1322,1;1;1;1;1;3;3,1214;1106;998;890;782;460;172,17;13;13;14;16;16;12;15;12;12;9;9;9,49.84,209.0;209.1;206.3
p5,0,pay2,37,2406194,2049372,1344;1344;1344;1344,1;1;1;1;1;3;3,1236;1128;1020;912;806;485;187,17;13;13;14;16;16;12;15;12;12;9;9;9,50.46,210.8;213.4;205.6
p5,0,pay1,38,2407570,2049372,1349;1349;1349;1349,1;1;1;1;1;3;3,1241;1133;1025;917;809;487;185,17;13;13;14;16;16;12;15;12;12;9;9;9,49.90,208.5;209.2;208.6
p5,0,withdraw,39,2400082,2049372,1326;1326;1326;1326,1;1;1;1;1;3;3,1218;1110;1002;894;788;472;171,17;13;13;14;16;16;12;15;12;12;9;9;9,50.89,206.8;216.1;204.9
p5,0,deposit,40,2409522,2049372,1354;1354;1354;1354,1;1;1;1;1;3;3,1246;1138;1030;922;814;494;194,17;13;13;14;16;16;12;15;12;12;9;9;9,49.70,213.7;217.4;202.2
p5,0,pay2,41,2397778,2049372,1319;1319;1319;1319,1;1;1;1;1;3;3,1211;1103;995;887;779;464;172,17;13;13;14;16;16;12;15;12;12;9;9;9,50.10,209.5;214.4;208.2
p5,0,pay1,42,2407634,2049372,1349;1349;1349;1349,1;1;1;1;1;3;3,1241;1133;1025;917;809;489;185,17;13;13;14;16;16;12;15;12;12;9;9;9,53.52,231.6;231.9;211.6
p5,0,withdraw,43,2399410,2049372,1325;1325;1325;1325,1;1;1;1;1;3;3,1217;1109;1001;893;785;463;170,17;13;13;14;16;16;12;15;12;12;9;9;9,55.36,236.8;241.4;229.7
p5,0,deposit,44,2397362,2049372,1317;1317;1317;1317,1;1;1;1;1;3;3,1209;1101;993;885;779;465;174,17;13;13;14;16;16;12;15;12;12;9;9;9,52.76,226.3;232.5;222.1
p5,0,pay2,45,2402194,2049372,1332;1332;1332;1332,1;1;1;1;1;3;3,1224;1116;1008;900;792;473;184,17;13;13;14;16;16;12;15;12;12;9;9;9,51.55,230.9;233.7;229.7
p5,0,pay1,46,2399890,2049372,1326;1326;1326;1326,1;1;1;1;1;3;3,1218;1110;1002;894;786;462;177,17;13;13;14;16;16;12;15;12;12;9;9;9,52.00,231.0;325.1;246.0
p5,0,withdraw,47,2393842,2049372,1307;1307;1307;1307,1;1;1;1;1;3;3,1199;1091;983;875;767;450;171,17;13;13;14;16;16;12;15;12;12;9;9;9,56.43,248.1;286.7;225.8
p5,0,deposit,48,2396754,2049372,1315;1315;1315;1315,1;1;1;1;1;3;3,1207;1099;991;883;777;461;177,17;13;13;14;16;16;12;15;12;12;9;9;9,52.79,229.5;220.9;228.1
p5,0,pay2,49,2409266,2049372,1353;1353;1353;1353,1;1;1;1;1;3;3,1245;1137;1029;923;816;495;189,17;13;13;14;16;16;12;15;12;12;9;9;9,54.26,218.6;221.5;221.4
p5,0,pay1,50,2395858,2049372,1312;1312;1312;1312,1;1;1;1;1;3;3,1204;1096;988;880;774;459;178,17;13;13;14;16;16;12;15;12;12;9;9;9,53.62,296.8;314.9;261.8
p5,0,withdraw,51,2405394,2049372,1341;1341;1341;1341,1;1;1;1;1;3;3,1233;1125;1019;912;805;486;181,17;13;13;14;16;16;12;15;12;12;9;9;9,51.68,215.6;214.6;207.9
p5,0,deposit,52,2413554,2049372,1368;1368;1368;1368,1;1;1;1;1;3;3,1260;1152;1044;936;828;504;184,17;13;13;14;16;16;12;15;12;12;9;9;9,52.18,225.0;221.5;222.0
p5,0,pay2,53,2400786,2049372,1327;1327;1327;1327,1;1;1;1;1;3;3,1219;1111;1005;898;791;474;175,17;13;13;14;16;16;12;15;12;12;9;9;9,57.96,298.8;263.3;265.2
p5,0,pay1,54,2399154,2049372,1323;1323;1323;1323,1;1;1;1;1;3;3,1215;1107;999;891;785;464;177,17;13;13;14;16;16;12;15;12;12;9;9;9,58.85,266.9;306.4;274.4
p5,0,withdraw,55,2402034,2049372,1333;1333;1333;1333,1;1;1;1;1;3;3,1225;1117;1009;901;793;472;171,17;13;13;14;16;16;12;15;12;12;9;9;9,57.04,212.2;209.1;211.9
p5,0,deposit,56,2398130,2049372,1321;1321;1321;1321,1;1;1;1;1;3;3,1213;1105;997;889;781;464;165,17;13;13;14;16;16;12;15;12;12;9;9;9,59.96,258.0;268.2;265.4
p5,0,pay2,57,2397042,2049372,1317;1317;1317;1317,1;1;1;1;1;3;3,1209;1101;993;885;777;457;174,17;13;13;14;16;16;12;15;12;12;9;9;9,59.48,218.0;212.5;222.8
p5,0,pay1,58,2404818,2049372,1340;1340;1340;1340,1;1;1;1;1;3;3,1232;1124;1016;908;800;482;185,17;13;13;14;16;16;12;15;12;12;9;9;9,52.58,212.5;211.6;205.4
p5,0,withdraw,59,2397138,2049372,1318;1318;1318;1318,1;1;1;1;1;3;3,1210;1102;994;886;778;456;169,17;13;13;14;16;16;12;15;12;12;9;9;9,55.49,237.2;255.1;234.4
