HEADER_SAMPLES 15	wallet/src/headers.rs	68	HEADER_SAMPLES: u64 = 16	HEADER_SAMPLES: u64 = 15
HEADER_SAMPLES 17	wallet/src/headers.rs	68	HEADER_SAMPLES: u64 = 16	HEADER_SAMPLES: u64 = 17
POW_BATCH 255	wallet/src/headers.rs	73	POW_BATCH: usize = 256	POW_BATCH: usize = 255
POW_BATCH 257	wallet/src/headers.rs	73	POW_BATCH: usize = 256	POW_BATCH: usize = 257
DENSE_POW_TAIL 719	wallet/src/wallet/sync.rs	36	DENSE_POW_TAIL: u64 = 720	DENSE_POW_TAIL: u64 = 719
DENSE_POW_TAIL 721	wallet/src/wallet/sync.rs	36	DENSE_POW_TAIL: u64 = 720	DENSE_POW_TAIL: u64 = 721
STALE_TIP_WARN_BLOCKS 9	wallet/src/wallet/sync.rs	41	STALE_TIP_WARN_BLOCKS: u64 = 10	STALE_TIP_WARN_BLOCKS: u64 = 9
STALE_TIP_WARN_BLOCKS 11	wallet/src/wallet/sync.rs	41	STALE_TIP_WARN_BLOCKS: u64 = 10	STALE_TIP_WARN_BLOCKS: u64 = 11
STALE_TIP_REFUSE_BLOCKS 59	wallet/src/wallet/sync.rs	47	STALE_TIP_REFUSE_BLOCKS: u64 = 60	STALE_TIP_REFUSE_BLOCKS: u64 = 59
STALE_TIP_REFUSE_BLOCKS 61	wallet/src/wallet/sync.rs	47	STALE_TIP_REFUSE_BLOCKS: u64 = 60	STALE_TIP_REFUSE_BLOCKS: u64 = 61
