unix,partitioned,heights,header_heights,tips,mempools,peers,rss_mb,difficulties
1790535380,false,0/0/0/0,0/0/0/0,087d6fd4/087d6fd4/087d6fd4/087d6fd4,0/0/0/0,0/0/0/0,9/9/9/9/262/262,1/1/1/1
1790535397,false,8/7/8/7,8/7/8/8,ff22253e/acfaec65/1af1082b/acfaec65,0/0/0/0,4/4/4/4,268/268/266/268/262/262,1/1/1/1
1790535410,false,19/18/19/17,19/18/19/18,adf1164a/1fbbf39e/c8bd23b2/305acac8,0/0/0/0,4/4/4/4,268/268/268/268/262/264,1/1/1/1
1790535426,false,30/29/30/29,30/29/30/29,19f7fd1f/0062bc0c/38c9178c/0062bc0c,0/0/0/0,4/4/4/4,268/268/268/268/262/262,1/1/1/1
1790535442,false,40/40/40/40,40/40/40/40,a1d4987d/a1d4987d/3cb60106/a1d4987d,0/0/0/0,4/4/4/4,267/267/269/269/264/262,1/1/1/1
1790535457,false,51/51/51/51,51/51/51/51,af683b50/af683b50/2247268b/af683b50,0/0/0/0,4/4/4/4,269/267/269/269/262/262,1/1/1/1
1790535472,false,63/62/63/62,63/62/63/62,96beba68/ec0f14ac/fc21298c/ec0f14ac,0/0/0/0,4/4/4/4,271/269/271/269/262/262,1/1/1/1
1790535486,false,74/74/74/74,74/74/74/74,d8f7d5e8/d8f7d5e8/d8f7d5e8/d8f7d5e8,0/0/0/0,4/4/4/4,269/269/269/267/262/264,1/1/1/1
1790535501,false,83/82/83/82,83/82/83/82,c2bc4756/67afe5dd/66b6ed37/67afe5dd,0/0/0/0,4/4/4/4,267/269/267/267/264/262,2/2/2/2
1790535517,false,91/91/91/91,91/91/91/91,500d39c8/500d39c8/86ab8383/500d39c8,0/0/0/0,4/4/4/4,267/269/269/269/262/262,2/2/2/2
1790535531,false,99/99/100/99,99/99/100/99,c10cf1dc/c10cf1dc/04e879c1/c10cf1dc,0/0/0/0,4/4/4/4,269/267/267/267/262/264,2/2/2/2
1790535546,false,108/108/108/108,108/108/108/108,0a1693a0/0a1693a0/0a1693a0/0a1693a0,0/0/0/0,4/4/4/4,269/267/267/267/264/264,2/2/2/2
1790535563,false,116/115/115/115,116/115/115/115,52768ff1/c5daa248/c5daa248/c5daa248,0/0/0/0,4/4/4/4,267/267/267/267/264/264,3/3/3/3
1790535579,false,121/120/120/120,121/120/120/120,9c51723c/3f211a3b/3f211a3b/3f211a3b,0/0/0/0,4/4/4/4,267/267/269/267/264/262,3/3/3/3
1790535591,false,127/127/127/127,127/127/127/127,54606777/54606777/54606777/54606777,0/0/0/0,4/4/4/4,267/267/267/267/264/264,3/3/3/3
1790535608,false,134/133/134/133,134/133/134/133,687fd82d/bdc030e8/c1070412/bdc030e8,0/0/0/0,4/4/4/4,269/269/269/267/264/262,4/3/4/3
