unix,partitioned,heights,header_heights,tips,mempools,peers,rss_mb
1790335216,false,0/0/0/0/0,0/0/0/0/0,192fad73/192fad73/192fad73/192fad73/192fad73,0/0/0/0/0,0/0/0/0/0,8/8/8/8/8/261/261
1790335231,false,0/0/0/0/0,0/0/0/0/0,192fad73/192fad73/192fad73/192fad73/192fad73,0/0/0/0/0,4/4/4/4/4,8/8/8/8/8/264/264
1790335247,false,0/0/0/0/0,0/0/0/0/0,192fad73/192fad73/192fad73/192fad73/192fad73,0/0/0/0/0,4/4/4/4/4,8/8/8/8/8/264/263
1790335262,false,0/0/0/0/0,0/0/0/0/0,192fad73/192fad73/192fad73/192fad73/192fad73,0/0/0/0/0,4/4/4/4/4,8/8/8/8/8/264/263
1790335277,false,0/0/0/0/0,0/0/0/0/0,192fad73/192fad73/192fad73/192fad73/192fad73,0/0/0/0/0,4/4/4/4/4,8/8/8/8/8/264/263
1790335292,false,1/0/0/0/0,1/0/0/0/0,dbc2c557/192fad73/192fad73/192fad73/192fad73,0/0/0/0/0,4/4/4/4/4,265/266/266/266/264/264/263
1790335307,false,3/3/3/3/3,3/3/3/3/3,4f1e567c/4f1e567c/4f1e567c/4f1e567c/4f1e567c,0/0/0/0/0,4/4/4/4/4,265/264/265/265/264/264/263
1790335322,false,3/3/3/3/3,3/3/3/3/3,4f1e567c/4f1e567c/4f1e567c/4f1e567c/4f1e567c,0/0/0/0/0,4/4/4/4/4,265/264/264/264/264/264/261
1790335337,false,4/4/4/4/4,4/4/4/4/4,98190e73/98190e73/98190e73/98190e73/98190e73,0/0/0/0/0,4/4/4/4/4,265/264/265/264/264/264/264
1790335352,false,5/5/5/5/5,5/5/5/5/5,407291ef/407291ef/407291ef/407291ef/407291ef,0/0/0/0/0,4/4/4/4/4,265/264/265/264/264/264/264
1790335367,false,5/5/5/5/5,5/5/5/5/5,407291ef/407291ef/407291ef/407291ef/407291ef,0/0/0/0/0,4/4/4/4/4,265/264/265/264/264/264/264
1790335382,false,6/6/6/6/6,6/6/6/6/6,6573f861/f052eb80/f052eb80/f052eb80/f052eb80,0/0/0/0/0,4/4/4/4/4,265/265/265/265/265/264/264
1790335397,false,6/6/6/6/6,6/6/6/6/6,6573f861/f052eb80/f052eb80/f052eb80/f052eb80,0/0/0/0/0,4/4/4/4/4,265/264/265/264/264/264/264
1790335412,false,6/6/6/6/6,6/6/6/6/6,6573f861/f052eb80/f052eb80/f052eb80/f052eb80,0/0/0/0/0,4/4/4/4/4,265/264/265/264/264/264/264
1790335427,false,6/6/6/6/6,6/6/6/6/6,6573f861/f052eb80/f052eb80/f052eb80/f052eb80,0/0/0/0/0,4/4/4/4/4,265/264/265/264/264/264/264
1790335442,false,6/6/6/6/6,6/6/6/6/6,6573f861/f052eb80/f052eb80/f052eb80/f052eb80,0/0/0/0/0,4/4/4/4/4,265/264/265/264/264/264/264
1790335457,false,6/6/6/6/6,6/6/6/6/6,6573f861/f052eb80/f052eb80/f052eb80/f052eb80,0/0/0/0/0,4/4/4/4/4,265/264/265/264/265/264/264
1790335472,false,8/8/8/8/8,8/8/8/8/8,55660ae5/55660ae5/55660ae5/55660ae5/55660ae5,0/0/0/0/0,4/4/4/4/4,265/265/265/265/265/264/264
1790335487,false,8/8/8/8/8,8/8/8/8/8,55660ae5/55660ae5/55660ae5/55660ae5/55660ae5,0/0/0/0/0,4/4/4/4/4,265/265/265/264/265/264/264
1790335502,false,9/9/9/9/9,9/9/9/9/9,9e90fcf2/9e90fcf2/9e90fcf2/9e90fcf2/9e90fcf2,0/0/0/0/0,4/4/4/4/4,265/265/265/264/265/264/264
1790335517,false,9/9/9/9/9,9/9/9/9/9,9e90fcf2/9e90fcf2/9e90fcf2/9e90fcf2/9e90fcf2,0/0/0/0/0,4/4/4/4/4,265/265/265/264/265/264/264
1790335532,false,9/9/9/9/9,9/9/9/9/9,9e90fcf2/9e90fcf2/9e90fcf2/9e90fcf2/9e90fcf2,0/0/0/0/0,4/4/4/4/4,265/265/265/264/265/264/264
1790335547,false,9/9/9/9/9,9/9/9/9/9,9e90fcf2/9e90fcf2/9e90fcf2/9e90fcf2/9e90fcf2,0/0/0/0/0,4/4/4/4/4,265/265/265/264/265/264/264
1790335562,false,9/9/9/9/9,9/9/9/9/9,9e90fcf2/9e90fcf2/9e90fcf2/9e90fcf2/9e90fcf2,0/0/0/0/0,4/4/4/4/4,265/265/265/264/265/264/264
1790335577,false,10/10/10/10/10,10/10/10/10/10,f4f73010/f4f73010/f4f73010/f4f73010/f4f73010,0/0/0/0/0,4/4/4/4/4,265/265/265/265/265/264/264
1790335592,false,10/10/10/10/10,10/10/10/10/10,f4f73010/f4f73010/f4f73010/f4f73010/f4f73010,0/0/0/0/0,4/4/4/4/4,265/265/265/264/265/264/264
1790335607,false,10/10/10/10/10,10/10/10/10/10,f4f73010/f4f73010/f4f73010/f4f73010/f4f73010,0/0/0/0/0,4/4/4/4/4,265/265/265/264/265/264/264
1790335623,false,11/11/11/11/11,11/11/11/11/11,4729b186/4729b186/4729b186/4729b186/4729b186,0/0/0/0/0,4/4/4/4/4,265/265/265/265/265/264/264
1790335638,false,13/13/13/13/13,13/13/13/13/13,5f4bec2c/5f4bec2c/5f4bec2c/5f4bec2c/5f4bec2c,0/0/0/0/0,4/4/4/4/4,265/265/265/265/265/264/264
1790335653,false,13/13/13/13/13,13/13/13/13/13,5f4bec2c/5f4bec2c/5f4bec2c/5f4bec2c/5f4bec2c,0/0/0/0/0,4/4/4/4/4,265/265/265/264/265/264/264
1790335668,false,13/13/13/13/13,13/13/13/13/13,5f4bec2c/5f4bec2c/5f4bec2c/5f4bec2c/5f4bec2c,0/0/0/0/0,4/4/4/4/4,265/265/265/264/265/264/264
1790335683,false,13/13/13/13/13,13/13/13/13/13,5f4bec2c/5f4bec2c/5f4bec2c/5f4bec2c/5f4bec2c,0/0/0/0/0,4/4/4/4/4,265/265/265/264/265/264/264
1790335698,false,13/13/13/13/13,13/13/13/13/13,5f4bec2c/5f4bec2c/5f4bec2c/5f4bec2c/5f4bec2c,0/0/0/0/0,4/4/4/4/4,265/265/265/265/265/264/264
1790335713,false,13/13/14/13/13,13/13/14/13/13,5f4bec2c/5f4bec2c/2d7f2200/5f4bec2c/5f4bec2c,0/0/0/0/0,4/4/4/4/4,265/265/265/265/265/264/264
1790335728,false,14/14/14/14/14,14/14/14/14/14,2d7f2200/2d7f2200/2d7f2200/2d7f2200/2d7f2200,0/0/0/0/0,4/4/4/4/4,265/265/265/265/265/264/264
1790335743,false,14/14/14/14/14,14/14/14/14/14,2d7f2200/2d7f2200/2d7f2200/2d7f2200/2d7f2200,0/0/0/0/0,4/4/4/4/4,265/265/265/265/265/264/264
1790335758,false,14/14/14/14/14,14/14/14/14/14,2d7f2200/2d7f2200/2d7f2200/2d7f2200/2d7f2200,0/0/0/0/0,4/4/4/4/4,265/265/265/265/265/264/264
1790335773,false,14/14/14/14/14,14/14/14/14/14,2d7f2200/2d7f2200/2d7f2200/2d7f2200/2d7f2200,0/0/0/0/0,4/4/4/4/4,265/265/265/265/265/264/264
1790335788,false,14/14/14/14/14,14/14/14/14/14,2d7f2200/2d7f2200/2d7f2200/2d7f2200/2d7f2200,0/0/0/0/0,4/4/4/4/4,265/265/265/265/265/264/264
1790335803,false,14/14/14/14/14,14/14/14/14/14,2d7f2200/2d7f2200/2d7f2200/2d7f2200/2d7f2200,0/0/0/0/0,4/4/4/4/4,265/265/265/265/265/264/264
1790335819,false,14/14/14/14/14,14/14/14/14/14,2d7f2200/2d7f2200/2d7f2200/2d7f2200/2d7f2200,0/0/0/0/0,4/4/4/4/4,265/265/265/265/265/264/264
1790335834,false,14/14/14/14/14,14/14/14/14/14,2d7f2200/2d7f2200/2d7f2200/2d7f2200/2d7f2200,0/0/0/0/0,4/4/4/4/4,265/265/265/265/265/264/264
1790335849,false,14/14/14/14/14,14/14/14/14/14,2d7f2200/2d7f2200/2d7f2200/2d7f2200/2d7f2200,0/0/0/0/0,4/4/4/4/4,265/265/265/265/265/264/264
1790335864,false,15/15/15/15/15,15/15/15/15/15,696d4e13/696d4e13/696d4e13/696d4e13/696d4e13,0/0/0/0/0,4/4/4/4/4,265/265/265/265/265/264/264
1790335879,false,15/15/15/15/15,15/15/15/15/15,696d4e13/696d4e13/696d4e13/696d4e13/696d4e13,0/0/0/0/0,4/4/4/4/4,265/265/265/265/265/264/264
1790335894,false,15/15/15/15/15,15/15/15/15/15,696d4e13/696d4e13/696d4e13/696d4e13/696d4e13,0/0/0/0/0,4/4/4/4/4,265/265/265/265/265/264/264
1790335909,false,15/15/15/15/15,15/15/15/15/15,696d4e13/696d4e13/696d4e13/696d4e13/696d4e13,0/0/0/0/0,4/4/4/4/4,265/265/265/265/265/264/264
1790335924,false,15/15/15/15/15,15/15/15/15/15,696d4e13/696d4e13/696d4e13/696d4e13/696d4e13,0/0/0/0/0,4/4/4/4/4,265/265/265/265/265/264/264
1790335939,true,15/15/15/15/15,15/15/15/15/15,696d4e13/696d4e13/696d4e13/696d4e13/696d4e13,0/0/0/0/0,1/1/2/2/2,265/265/265/265/265/264/264
1790335954,true,15/15/15/15/15,15/15/15/15/15,696d4e13/696d4e13/696d4e13/696d4e13/696d4e13,0/0/0/0/0,1/1/2/2/2,265/265/265/265/265/264/264
1790335969,true,15/15/15/15/15,15/15/15/15/15,696d4e13/696d4e13/696d4e13/696d4e13/696d4e13,0/0/0/0/0,1/1/2/2/2,265/265/265/265/265/264/264
1790335984,true,15/15/15/15/15,15/15/15/15/15,696d4e13/696d4e13/696d4e13/696d4e13/696d4e13,0/0/0/0/0,1/1/2/2/2,265/265/265/265/265/264/264
1790335999,true,15/15/15/15/15,15/15/15/15/15,696d4e13/696d4e13/696d4e13/696d4e13/696d4e13,0/0/0/0/0,1/1/2/2/2,265/265/265/265/265/264/264
1790336014,true,15/15/15/15/15,15/15/15/15/15,696d4e13/696d4e13/696d4e13/696d4e13/696d4e13,0/0/0/0/0,1/1/2/2/2,265/265/265/265/265/264/264
1790336029,true,15/15/15/15/15,15/15/15/15/15,696d4e13/696d4e13/696d4e13/696d4e13/696d4e13,0/0/0/0/0,1/1/2/2/2,265/265/265/265/265/264/264
1790336044,true,15/15/15/15/15,15/15/15/15/15,696d4e13/696d4e13/696d4e13/696d4e13/696d4e13,0/0/0/0/0,1/1/2/2/2,265/265/265/265/265/264/264
1790336059,true,17/17/15/15/15,17/17/15/15/15,d9bc8d64/d9bc8d64/696d4e13/696d4e13/696d4e13,0/0/0/0/0,1/1/2/2/2,265/265/265/265/265/264/264
1790336074,true,17/17/15/15/15,17/17/15/15/15,d9bc8d64/d9bc8d64/696d4e13/696d4e13/696d4e13,0/0/0/0/0,1/1/2/2/2,265/265/265/265/265/264/264
1790336089,true,17/17/15/15/15,17/17/15/15/15,d9bc8d64/d9bc8d64/696d4e13/696d4e13/696d4e13,0/0/0/0/0,1/1/2/2/2,265/265/265/265/265/264/264
1790336104,true,17/17/15/15/15,17/17/15/15/15,d9bc8d64/d9bc8d64/696d4e13/696d4e13/696d4e13,0/0/0/0/0,1/1/2/2/2,265/265/265/264/264/264/264
1790336119,false,17/17/15/15/15,17/17/15/15/15,d9bc8d64/d9bc8d64/696d4e13/696d4e13/696d4e13,0/0/0/0/0,1/1/2/2/2,265/265/265/264/265/264/264
1790336134,false,17/17/17/17/17,17/17/17/17/17,d9bc8d64/d9bc8d64/d9bc8d64/d9bc8d64/d9bc8d64,0/0/0/0/0,4/4/4/4/4,265/265/265/265/265/264/264
1790336149,false,17/17/17/17/17,17/17/17/17/17,d9bc8d64/d9bc8d64/d9bc8d64/d9bc8d64/d9bc8d64,0/0/0/0/0,4/4/4/4/4,265/265/265/265/265/264/264
1790336165,false,17/17/17/17/17,17/17/17/17/17,d9bc8d64/d9bc8d64/d9bc8d64/d9bc8d64/d9bc8d64,0/0/0/0/0,4/4/4/4/4,265/265/265/265/265/264/264
1790336180,false,17/17/17/17/17,17/17/17/17/17,d9bc8d64/d9bc8d64/d9bc8d64/d9bc8d64/d9bc8d64,0/0/0/0/0,4/4/4/4/4,265/265/265/265/265/264/264
1790336195,false,17/17/17/17/17,17/17/17/17/17,d9bc8d64/d9bc8d64/d9bc8d64/d9bc8d64/d9bc8d64,0/0/0/0/0,4/4/4/4/4,265/265/265/265/265/264/264
1790336210,false,17/17/17/17/17,17/17/17/17/17,d9bc8d64/d9bc8d64/d9bc8d64/d9bc8d64/d9bc8d64,0/0/0/0/0,4/4/4/4/4,265/265/265/265/265/264/264
1790336225,false,17/17/17/17/17,17/17/17/17/17,d9bc8d64/d9bc8d64/d9bc8d64/d9bc8d64/d9bc8d64,0/0/0/0/0,4/4/4/4/4,265/265/265/265/265/264/264
1790336240,false,17/17/17/17/17,17/17/17/17/17,d9bc8d64/d9bc8d64/d9bc8d64/d9bc8d64/d9bc8d64,0/0/0/0/0,4/4/4/4/4,265/265/265/265/265/264/264
1790336255,false,18/18/18/18/18,18/18/18/18/18,f9cbfb0b/f9cbfb0b/f9cbfb0b/f9cbfb0b/f9cbfb0b,0/0/0/0/0,4/4/4/4/4,265/265/265/265/265/264/264
1790336271,false,18/18/18/18/18,18/18/18/18/18,f9cbfb0b/f9cbfb0b/f9cbfb0b/f9cbfb0b/f9cbfb0b,0/0/0/0/0,4/4/4/4/4,265/265/265/265/265/264/264
1790336286,false,18/18/18/18/18,18/18/18/18/18,f9cbfb0b/f9cbfb0b/f9cbfb0b/f9cbfb0b/f9cbfb0b,0/0/0/0/0,4/4/4/4/4,265/265/265/265/265/264/264
1790336301,false,18/18/18/18/18,18/18/18/18/18,f9cbfb0b/f9cbfb0b/f9cbfb0b/f9cbfb0b/f9cbfb0b,0/0/0/0/0,4/4/4/4/4,265/265/265/265/265/264/264
1790336316,false,19/19/19/19/19,19/19/19/19/19,30803d51/30803d51/30803d51/30803d51/30803d51,0/0/0/0/0,4/4/4/4/4,265/265/265/265/265/264/264
1790336331,false,19/19/19/19/19,19/19/19/19/19,30803d51/30803d51/30803d51/30803d51/30803d51,0/0/0/0/0,4/4/4/4/4,265/265/265/265/265/264/264
1790336346,false,20/20/20/20/20,20/20/20/20/20,03fe94db/03fe94db/03fe94db/03fe94db/03fe94db,0/0/0/0/0,4/4/4/4/4,265/265/265/265/265/264/264
1790336361,false,20/20/20/20/20,20/20/20/20/20,03fe94db/03fe94db/03fe94db/03fe94db/03fe94db,0/0/0/0/0,4/4/4/4/4,265/265/265/265/265/264/264
1790336376,false,20/20/20/20/20,20/20/20/20/20,03fe94db/03fe94db/03fe94db/03fe94db/03fe94db,0/0/0/0/0,4/4/4/4/4,265/265/265/265/265/264/264
1790336391,false,20/20/20/20/20,20/20/20/20/20,03fe94db/03fe94db/03fe94db/03fe94db/03fe94db,0/0/0/0/0,4/4/4/4/4,265/265/265/265/265/264/264
1790336406,false,21/21/21/21/21,21/21/21/21/21,67f82158/67f82158/67f82158/67f82158/67f82158,0/0/0/0/0,4/4/4/4/4,265/265/265/265/265/264/264
1790336421,false,21/21/21/21/21,21/21/21/21/21,67f82158/67f82158/67f82158/67f82158/67f82158,0/0/0/0/0,4/4/4/4/4,265/265/265/265/265/264/264
1790336437,false,21/21/21/21/21,21/21/21/21/21,67f82158/67f82158/67f82158/67f82158/67f82158,0/0/0/0/0,4/4/4/4/4,265/265/265/265/265/264/264
1790336452,false,21/21/21/21/21,21/21/21/21/21,67f82158/67f82158/67f82158/67f82158/67f82158,0/0/0/0/0,4/4/4/4/4,265/265/265/265/265/264/264
1790336467,false,21/21/21/21/21,21/21/21/21/21,67f82158/67f82158/67f82158/67f82158/67f82158,0/0/0/0/0,4/4/4/4/4,265/265/265/265/265/264/264
1790336482,false,21/21/21/21/21,21/21/21/21/21,67f82158/67f82158/67f82158/67f82158/67f82158,0/0/0/0/0,4/4/4/4/4,265/265/265/265/265/264/264
1790336497,false,21/21/21/21/21,21/21/21/21/21,67f82158/67f82158/67f82158/67f82158/67f82158,0/0/0/0/0,4/4/4/4/4,265/265/265/265/265/264/264
1790336512,false,21/21/21/21/21,21/21/21/21/21,67f82158/67f82158/67f82158/67f82158/67f82158,0/0/0/0/0,4/4/4/4/4,265/265/265/265/265/264/264
1790336527,false,22/22/22/22/22,22/22/22/22/22,bb216650/bb216650/bb216650/bb216650/bb216650,0/0/0/0/0,4/4/4/4/4,265/265/265/265/265/264/264
1790336542,false,22/22/22/22/22,22/22/22/22/22,bb216650/bb216650/bb216650/bb216650/bb216650,0/0/0/0/0,4/4/4/4/4,265/265/265/265/265/264/264
1790336557,false,22/22/22/22/22,22/22/22/22/22,bb216650/bb216650/bb216650/bb216650/bb216650,0/0/0/0/0,4/4/4/4/4,265/265/265/265/265/264/264
1790336572,false,22/22/22/22/22,22/22/22/22/22,bb216650/bb216650/bb216650/bb216650/bb216650,0/0/0/0/0,4/4/4/4/4,265/265/265/265/265/264/264
1790336587,false,23/23/23/23/23,23/23/23/23/23,88762db6/88762db6/88762db6/88762db6/88762db6,0/0/0/0/0,4/4/4/4/4,265/265/265/265/265/264/264
1790336602,false,23/23/23/23/23,23/23/23/23/23,88762db6/88762db6/88762db6/88762db6/88762db6,0/0/0/0/0,4/4/4/4/4,265/265/265/265/265/264/264
1790336617,false,23/23/23/23/23,23/23/23/23/23,88762db6/88762db6/88762db6/88762db6/88762db6,0/0/0/0/0,4/4/4/4/4,265/265/265/265/265/264/264
1790336632,false,23/23/23/23/23,23/23/23/23/23,88762db6/88762db6/88762db6/88762db6/88762db6,0/0/0/0/0,4/4/4/4/4,265/265/265/265/265/264/264
1790336647,false,23/23/23/23/23,23/23/23/23/23,88762db6/88762db6/88762db6/88762db6/88762db6,0/0/0/0/0,4/4/4/4/4,265/265/265/265/265/264/264
1790336662,false,23/23/23/23/23,23/23/23/23/23,88762db6/88762db6/88762db6/88762db6/88762db6,0/0/0/0/0,4/4/4/4/4,265/265/265/265/265/264/264
1790336677,false,23/23/23/23/23,23/23/23/23/23,88762db6/88762db6/88762db6/88762db6/88762db6,0/0/0/0/0,4/4/4/4/4,265/265/265/265/265/264/264
1790336692,false,23/23/23/23/23,23/23/23/23/23,88762db6/88762db6/88762db6/88762db6/88762db6,0/0/0/0/0,4/4/4/4/4,265/265/265/265/265/264/264
1790336707,false,23/23/23/23/23,23/23/23/23/23,88762db6/88762db6/88762db6/88762db6/88762db6,0/0/0/0/0,4/4/4/4/4,265/265/265/265/265/264/264
1790336722,false,23/23/23/23/23,23/23/23/23/23,88762db6/88762db6/88762db6/88762db6/88762db6,0/0/0/0/0,4/4/4/4/4,265/265/265/265/265/264/264
1790336737,false,23/23/23/23/23,23/23/23/23/23,88762db6/88762db6/88762db6/88762db6/88762db6,0/0/0/0/0,4/4/4/4/4,265/265/265/265/265/264/264
1790336752,false,23/23/23/23/23,23/23/23/23/23,88762db6/88762db6/88762db6/88762db6/88762db6,0/0/0/0/0,4/4/4/4/4,265/265/265/265/265/264/264
1790336767,false,23/23/23/23/23,23/23/23/23/23,88762db6/88762db6/88762db6/88762db6/88762db6,0/0/0/0/0,4/4/4/4/4,265/265/265/265/265/264/264
1790336783,false,23/23/23/23/23,23/23/23/23/23,88762db6/88762db6/88762db6/88762db6/88762db6,0/0/0/0/0,4/4/4/4/4,265/265/265/265/265/264/264
1790336798,false,23/23/23/23/23,23/23/23/23/23,88762db6/88762db6/88762db6/88762db6/88762db6,0/0/0/0/0,4/4/4/4/4,265/265/265/265/265/264/264
1790336813,false,23/23/23/23/23,23/23/23/23/23,88762db6/88762db6/88762db6/88762db6/88762db6,0/0/0/0/0,4/4/4/4/4,265/265/265/265/265/264/264
1790336828,false,23/23/23/23/23,23/23/23/23/23,88762db6/88762db6/88762db6/88762db6/88762db6,0/0/0/0/0,4/4/4/4/4,265/265/265/265/265/264/264
1790336843,true,23/23/23/23/23,23/23/23/23/23,88762db6/88762db6/88762db6/88762db6/88762db6,0/0/0/0/0,1/1/2/2/2,265/265/265/265/265/264/264
1790336858,true,23/23/23/23/23,23/23/23/23/23,88762db6/88762db6/88762db6/88762db6/88762db6,0/0/0/0/0,1/1/2/2/2,265/265/265/265/265/264/264
1790336873,true,23/23/23/23/23,23/23/23/23/23,88762db6/88762db6/88762db6/88762db6/88762db6,0/0/0/0/0,1/1/2/2/2,265/265/265/265/265/264/264
1790336888,true,23/23/23/23/23,23/23/23/23/23,88762db6/88762db6/88762db6/88762db6/88762db6,0/0/0/0/0,1/1/2/2/2,265/265/265/265/265/264/264
1790336903,true,23/23/23/23/23,23/23/23/23/23,88762db6/88762db6/88762db6/88762db6/88762db6,0/0/0/0/0,1/1/2/2/2,265/265/265/265/265/264/264
1790336918,true,24/24/23/23/23,24/24/23/23/23,e34bef93/e34bef93/88762db6/88762db6/88762db6,0/0/0/0/0,1/1/2/2/2,265/265/265/265/265/264/264
1790336933,true,24/24/25/25/25,24/24/25/25/25,e34bef93/e34bef93/45d0bbd1/45d0bbd1/45d0bbd1,0/0/0/0/0,1/1/2/2/2,265/265/265/265/265/264/264
1790336948,true,24/24/25/25/25,24/24/25/25/25,e34bef93/e34bef93/45d0bbd1/45d0bbd1/45d0bbd1,0/0/0/0/0,1/1/2/2/2,265/265/265/265/265/264/264
1790336964,true,24/24/25/25/25,24/24/25/25/25,e34bef93/e34bef93/45d0bbd1/45d0bbd1/45d0bbd1,0/0/0/0/0,1/1/2/2/2,265/265/265/265/265/264/264
1790336979,true,24/24/25/25/25,24/24/25/25/25,e34bef93/e34bef93/45d0bbd1/45d0bbd1/45d0bbd1,0/0/0/0/0,1/1/2/2/2,265/265/265/265/265/264/264
1790336994,true,24/24/25/25/25,24/24/25/25/25,e34bef93/e34bef93/45d0bbd1/45d0bbd1/45d0bbd1,0/0/0/0/0,1/1/2/2/2,265/265/265/265/265/264/264
1790337009,true,24/24/25/25/25,24/24/25/25/25,e34bef93/e34bef93/45d0bbd1/45d0bbd1/45d0bbd1,0/0/0/0/0,1/1/2/2/2,265/265/265/265/265/264/264
