unix,partitioned,heights,header_heights,tips,mempools,peers,rss_mb,difficulties,phase
1790719931,false,0/0/0/0/0,0/0/0/0/0,087d6fd4/087d6fd4/087d6fd4/087d6fd4/087d6fd4,0/0/0/0/0,4/4/4/4/4,267/267/267/267/267/262,1/1/1/1/1,warmup
1790719956,false,6/5/5/5/5,6/5/5/5/5,942c5640/15947f0e/15947f0e/15947f0e/15947f0e,0/0/0/0/0,4/4/4/4/4,267/267/267/267/269/264,1/1/1/1/1,warmup
1790719982,false,13/12/13/12/12,13/13/13/12/12,b80d224e/0b4ca395/b80d224e/0b4ca395/0b4ca395,0/0/0/0/0,4/4/4/4/4,269/269/267/269/269/264,1/1/1/1/1,warmup
1790720006,false,22/21/21/21/21,22/21/21/21/21,ccd1d049/b6c39f3c/b6c39f3c/b6c39f3c/b6c39f3c,0/0/0/0/0,4/4/4/4/4,267/267/267/267/269/262,1/1/1/1/1,warmup
1790720028,false,31/30/30/30/30,31/30/30/30/30,e4ce6b8c/42c4f39a/42c4f39a/42c4f39a/42c4f39a,0/0/0/0/0,4/4/4/4/4,267/267/267/269/267/262,1/1/1/1/1,warmup
1790720051,false,39/38/38/38/38,39/38/38/38/38,e8142b80/f44dc689/f44dc689/f44dc689/f44dc689,0/0/0/0/0,4/4/4/4/4,269/267/267/269/269/262,1/1/1/1/1,warmup
1790720065,false,47/46/46/46/46,47/46/46/46/46,01d09f84/bc9ca3bb/bc9ca3bb/bc9ca3bb/bc9ca3bb,0/0/0/0/0,4/4/4/4/4,267/267/267/267/267/262,1/1/1/1/1,warmup
1790720070,false,53/53/53/53/53,53/53/53/53/53,003904c1/003904c1/003904c1/003904c1/003904c1,0/0/0/0/0,4/4/4/4/4,267/267/267/269/267/262,1/1/1/1/1,warmup
1790720102,false,63/62/62/62/62,63/62/62/62/62,03218b41/1c097b13/1c097b13/1c097b13/1c097b13,0/0/0/0/0,4/4/4/4/4,267/269/267/267/269/264,1/1/1/1/1,warmup
1790720122,false,70/69/70/70/70,70/70/70/70/70,d61cbb5e/8a752ac3/d61cbb5e/d61cbb5e/d61cbb5e,0/0/0/0/0,4/4/4/4/4,269/269/269/269/267/264,1/1/1/1/1,warmup
1790720142,false,76/76/76/76/76,76/76/76/76/76,62067029/62067029/62067029/62067029/62067029,0/0/0/0/0,4/4/4/4/4,267/267/269/267/267/264,1/1/1/1/1,warmup
1790720162,false,83/83/83/83/83,83/83/83/83/83,b278f4c5/b278f4c5/b278f4c5/b278f4c5/b278f4c5,0/0/0/0/0,4/4/4/4/4,269/267/267/267/267/262,2/2/2/2/2,warmup
1790720181,false,89/89/89/89/89,89/89/89/89/89,db484073/db484073/db484073/db484073/db484073,0/0/0/0/0,4/4/4/4/4,267/267/269/269/269/264,2/2/2/2/2,warmup
1790720198,false,94/93/93/93/93,94/93/94/93/94,cc2e1cae/64b253e2/64b253e2/64b253e2/64b253e2,0/0/0/0/0,4/4/4/4/4,267/267/269/269/269/265,2/2/2/2/2,warmup
1790720213,false,99/99/99/99/99,99/99/99/99/99,a1288ba3/a1288ba3/a1288ba3/a1288ba3/a1288ba3,0/0/0/0/0,4/4/4/4/4,269/267/269/267/267/265,2/2/2/2/2,warmup
1790720231,false,101/101/101/101/101,101/101/101/101/101,d2a9f2f7/d2a9f2f7/d2a9f2f7/d2a9f2f7/d2a9f2f7,0/0/0/0/0,4/4/4/4/4,267/270/269/267/269/265,2/2/2/2/2,warmup
1790720248,false,109/108/108/108/108,109/108/108/108/108,9c9a70c7/2275de2d/2275de2d/2275de2d/2275de2d,0/0/0/0/0,4/4/4/4/4,267/267/267/269/267/263,2/2/2/2/2,warmup
1790720265,false,112/112/112/112/112,112/112/112/112/112,111f519a/111f519a/111f519a/111f519a/111f519a,0/0/0/0/0,4/4/4/4/4,270/268/268/268/267/263,2/2/2/2/2,warmup
1790720281,false,117/117/117/117/117,117/117/117/117/117,3b676410/3b676410/3b676410/3b676410/3b676410,0/0/0/0/0,4/4/4/4/4,268/268/268/268/269/265,3/3/3/3/3,warmup
1790720297,false,121/120/120/120/120,121/120/120/120/120,ae623e5f/b8e2bc58/b8e2bc58/b8e2bc58/b8e2bc58,0/0/0/0/0,4/4/4/4/4,268/268/268/270/267/263,3/3/3/3/3,warmup
1790720312,false,125/125/125/125/125,125/125/125/125/125,45fcec4d/45fcec4d/45fcec4d/45fcec4d/45fcec4d,0/0/0/0/0,4/4/4/4/4,268/268/268/270/267/265,3/3/3/3/3,warmup
1790720320,false,126/126/126/126/126,126/126/126/126/126,c416d1c3/c416d1c3/c416d1c3/c416d1c3/c416d1c3,0/0/0/0/0,4/4/4/4/4,268/268/268/268/267/265,3/3/3/3/3,warmup
1790720330,false,130/130/130/130/130,130/130/130/130/130,02d9ea51/02d9ea51/02d9ea51/02d9ea51/02d9ea51,0/0/0/0/0,4/4/4/4/4,268/268/268/268/268/263,3/3/3/3/3,warmup
1790720346,false,135/134/134/134/134,135/134/134/134/134,b91226c9/05767202/05767202/05767202/05767202,0/0/0/0/0,4/4/4/4/4,268/270/270/270/270/265,4/4/4/4/4,warmup
1790720362,false,141/141/141/141/141,141/141/141/141/141,88001ce6/88001ce6/88001ce6/88001ce6/88001ce6,0/0/0/0/0,4/4/4/4/4,268/268/268/268/268/263,4/4/4/4/4,warmup
1790720377,false,149/149/149/149/149,149/149/149/149/149,68b907d0/68b907d0/68b907d0/68b907d0/68b907d0,0/0/0/0/0,4/4/4/4/4,268/268/268/268/268/265,5/5/5/5/5,warmup
1790720394,false,155/154/154/154/154,155/154/154/154/154,f25b1f91/bc448aa7/bc448aa7/bc448aa7/bc448aa7,0/0/0/0/0,4/4/4/4/4,268/268/268/268/268/265,5/5/5/5/5,warmup
1790720408,false,160/160/160/160/160,160/160/160/160/160,a8e23624/a8e23624/a8e23624/a8e23624/a8e23624,0/0/0/0/0,4/4/4/4/4,268/268/268/268/268/265,6/6/6/6/6,warmup
1790720424,false,162/162/162/162/162,162/162/162/162/162,587982fa/587982fa/587982fa/587982fa/587982fa,0/0/0/0/0,4/4/4/4/4,268/268/268/268/268/265,6/6/6/6/6,warmup
1790720440,false,166/166/166/166/166,166/166/166/166/166,766d83aa/766d83aa/766d83aa/766d83aa/766d83aa,0/0/0/0/0,4/4/4/4/4,268/268/268/268/268/265,6/6/6/6/6,warmup
1790720455,false,169/169/169/169/169,169/169/169/169/169,49e4ad00/49e4ad00/49e4ad00/49e4ad00/49e4ad00,0/0/0/0/0,4/4/4/4/4,268/268/268/268/268/265,7/7/7/7/7,warmup
1790720471,false,170/170/170/170/170,170/170/170/170/170,179faced/179faced/179faced/179faced/179faced,0/0/0/0/0,4/4/4/4/4,268/268/268/268/268/265,7/7/7/7/7,warmup
1790720487,false,173/172/172/172/172,173/172/172/172/172,08449346/8b5317f3/8b5317f3/8b5317f3/8b5317f3,0/0/0/0/0,4/4/4/4/4,268/270/270/270/270/265,7/7/7/7/7,warmup
1790720503,false,174/173/173/173/173,174/173/173/173/173,30d4439b/08449346/08449346/08449346/08449346,0/0/0/0/0,4/4/4/4/4,270/268/268/268/268/265,8/7/7/7/7,warmup
1790720518,false,179/178/178/178/178,179/178/178/178/178,6b6079aa/383b40f1/383b40f1/383b40f1/383b40f1,0/0/0/0/0,4/4/4/4/4,268/270/270/268/268/265,8/8/8/8/8,warmup
1790720534,false,182/182/182/182/182,182/182/182/182/182,84261e27/84261e27/84261e27/84261e27/84261e27,0/0/0/0/0,4/4/4/4/4,268/268/268/268/268/265,9/9/9/9/9,warmup
1790720550,false,185/185/185/185/185,185/185/185/185/185,d629e46b/d629e46b/d629e46b/d629e46b/d629e46b,0/0/0/0/0,4/4/4/4/4,268/268/268/268/268/265,9/9/9/9/9,warmup
1790720566,false,186/186/186/186/186,186/186/186/186/186,4c820da9/4c820da9/4c820da9/4c820da9/4c820da9,0/0/0/0/0,4/4/4/4/4,268/268/268/268/268/265,10/10/10/10/10,warmup
1790720582,false,189/189/189/189/189,189/189/189/189/189,82521f81/82521f81/82521f81/82521f81/82521f81,0/0/0/0/0,4/4/4/4/4,267/267/267/267/267/265,10/10/10/10/10,warmup
1790720597,false,192/192/192/192/192,192/192/192/192/192,e2666e69/e2666e69/e2666e69/e2666e69/e2666e69,0/0/0/0/0,4/4/4/4/4,267/267/267/267/267/265,11/11/11/11/11,warmup
1790720613,false,195/195/195/195/195,195/195/195/195/195,d7ae0afa/d7ae0afa/d7ae0afa/d7ae0afa/d7ae0afa,0/0/0/0/0,4/4/4/4/4,267/267/267/267/267/265,11/11/11/11/11,warmup
1790720629,false,195/195/195/195/195,195/195/195/195/195,d7ae0afa/d7ae0afa/d7ae0afa/d7ae0afa/d7ae0afa,0/0/0/0/0,4/4/4/4/4,267/267/267/267/267/265,11/11/11/11/11,warmup
1790720645,false,196/196/196/196/196,196/196/196/196/196,4a4f7a00/4a4f7a00/4a4f7a00/4a4f7a00/4a4f7a00,0/0/0/0/0,4/4/4/4/4,267/267/269/269/269/263,12/12/12/12/12,warmup
1790720660,false,202/202/202/202/202,202/202/202/202/202,960d74f5/960d74f5/960d74f5/960d74f5/960d74f5,0/0/0/0/0,4/4/4/4/4,267/267/267/267/267/265,13/13/13/13/13,warmup
1790720676,false,202/202/202/202/202,202/202/202/202/202,960d74f5/960d74f5/960d74f5/960d74f5/960d74f5,0/0/0/0/0,4/4/4/4/4,267/267/267/267/267/263,13/13/13/13/13,warmup
1790720693,false,205/205/205/205/205,205/205/205/205/205,f8da1461/f8da1461/f8da1461/f8da1461/f8da1461,0/0/0/0/0,4/4/4/4/4,268/267/267/267/267/265,14/14/14/14/14,warmup
1790720708,false,206/206/206/206/206,206/206/206/206/206,febf4571/febf4571/febf4571/febf4571/febf4571,0/0/0/0/0,4/4/4/4/4,268/267/267/267/267/265,14/14/14/14/14,warmup
1790720723,false,207/207/207/207/207,207/207/207/207/207,4cb72258/4cb72258/4cb72258/4cb72258/4cb72258,0/0/0/0/0,4/4/4/4/4,268/267/267/267/267/265,15/15/15/15/15,warmup
1790720739,false,208/208/208/208/208,208/208/208/208/208,79b433fb/79b433fb/79b433fb/79b433fb/79b433fb,0/0/0/0/0,4/4/4/4/4,267/267/267/267/267/265,15/15/15/15/15,warmup
1790720755,false,209/209/209/209/209,209/209/209/209/209,74a89c1e/74a89c1e/74a89c1e/74a89c1e/74a89c1e,0/0/0/0/0,4/4/4/4/4,267/267/267/267/267/265,15/15/15/15/15,warmup
1790720771,false,209/209/209/209/209,209/209/209/209/209,74a89c1e/74a89c1e/74a89c1e/74a89c1e/74a89c1e,0/0/0/0/0,4/4/4/4/4,267/267/267/267/267/265,15/15/15/15/15,warmup
1790720777,false,210/209/210/210/210,210/210/210/210/210,8a1554a4/74a89c1e/8a1554a4/8a1554a4/8a1554a4,0/0/0/0/0,4/4/4/4/4,268/267/267/267/267/263/264,14/15/14/14/14,connected
1790720792,false,214/214/214/214/214,214/214/214/214/214,7c9ef62c/7c9ef62c/7c9ef62c/7c9ef62c/7c9ef62c,0/0/0/0/0,4/4/4/4/4,270/267/267/267/267/265/264,14/14/14/14/14,connected
1790720807,false,219/219/219/219/219,219/219/219/219/219,c06d17cf/3dff1de7/3dff1de7/3dff1de7/3dff1de7,0/0/0/0/0,4/4/4/4/4,268/267/268/267/267/265/264,14/14/14/14/14,connected
1790720822,false,220/220/220/220/220,220/220/220/220/220,728a27e3/728a27e3/728a27e3/728a27e3/728a27e3,0/0/0/0/0,4/4/4/4/4,268/267/268/267/267/263/264,15/15/15/15/15,connected
1790720838,false,223/222/222/222/222,223/222/222/222/222,07ff0e17/357a9e7c/357a9e7c/357a9e7c/357a9e7c,0/0/0/0/0,4/4/4/4/4,268/268/268/267/267/265/264,15/15/15/15/15,connected
1790720854,false,227/226/226/226/226,227/226/226/226/226,fc04bbe4/86b96465/38100354/86b96465/86b96465,0/0/0/0/0,4/4/4/4/4,268/268/268/268/267/263/264,16/16/16/16/16,connected
1790720867,false,229/229/229/229/229,229/229/229/229/229,2a17f568/2a17f568/2a17f568/2a17f568/2a17f568,0/0/0/0/0,4/4/4/4/4,268/268/268/268/267/263/264,16/16/16/16/16,connected
1790720882,false,231/231/231/231/231,231/231/231/231/231,e4fea1cf/e4fea1cf/e4fea1cf/e4fea1cf/e4fea1cf,0/0/0/0/0,4/4/4/4/4,268/268/268/268/267/265/262,17/17/17/17/17,connected
1790720897,false,235/235/235/235/235,235/235/235/235/235,cd64a1b4/cd64a1b4/cd64a1b4/cd64a1b4/cd64a1b4,1/0/0/0/0,4/4/4/4/4,268/268/268/268/267/265/264,17/17/17/17/17,connected
1790720913,false,239/239/239/238/238,239/239/239/239/239,b91d406c/957dcc76/957dcc76/14bff59a/14bff59a,0/0/0/0/0,4/4/4/4/4,268/268/268/268/268/265/262,19/19/19/18/18,connected
1790720928,false,241/241/241/241/241,241/241/241/241/241,07d5f50f/c0f0f4f6/c0f0f4f6/c0f0f4f6/c0f0f4f6,0/0/0/0/0,4/4/4/4/4,268/268/268/268/268/265/265,19/19/19/19/19,connected
1790720943,false,242/242/242/242/242,242/242/242/242/242,7319f7bd/7319f7bd/7319f7bd/7319f7bd/7319f7bd,1/1/1/1/1,4/4/4/4/4,268/268/268/268/268/265/265,20/20/20/20/20,connected
1790720958,false,243/243/243/243/243,243/243/243/243/243,1359b114/1359b114/1359b114/1359b114/1359b114,0/0/0/0/0,4/4/4/4/4,268/268/268/268/268/265/265,20/20/20/20/20,connected
1790720973,false,245/245/245/245/245,245/245/245/245/245,c1b32928/c1b32928/c1b32928/c1b32928/c1b32928,0/0/0/0/0,4/4/4/4/4,268/268/268/268/268/265/265,19/19/19/19/19,connected
1790720988,false,246/246/246/246/246,246/246/246/246/246,ce824ca4/ce824ca4/ce824ca4/ce824ca4/ce824ca4,0/0/0/0/0,4/4/4/4/4,268/268/268/268/268/265/265,20/20/20/20/20,connected
1790721004,false,249/248/248/248/248,249/248/248/248/248,3209f247/604c8062/604c8062/604c8062/604c8062,0/1/1/1/1,4/4/4/4/4,268/268/270/268/268/265/265,20/19/19/19/19,connected
1790721019,false,252/251/251/251/251,252/251/251/251/251,ad4597de/0ae41df7/0ae41df7/0ae41df7/0ae41df7,0/0/0/0/0,4/4/4/4/4,269/268/268/268/268/263/265,21/20/20/20/20,connected
1790721034,false,253/253/254/253/253,253/253/254/253/253,971acdbc/971acdbc/b7968987/971acdbc/971acdbc,0/0/0/0/0,4/4/4/4/4,271/270/268/268/268/265/265,21/21/21/21/21,connected
1790721049,false,255/255/255/255/255,255/255/255/255/255,aa44a276/aa44a276/aa44a276/aa44a276/aa44a276,0/0/0/0/0,4/4/4/4/4,269/268/268/268/268/265/265,21/21/21/21/21,connected
1790721064,false,258/257/257/257/257,258/258/257/257/257,9b5c797e/a662d707/a662d707/a662d707/a662d707,0/0/0/0/0,4/4/4/4/4,269/268/269/268/268/265/265,21/21/21/21/21,connected
1790721079,false,260/260/260/260/260,260/260/260/260/260,bde30cc5/bde30cc5/bde30cc5/bde30cc5/bde30cc5,0/0/0/0/0,4/4/4/4/4,269/268/269/268/268/265/265,22/22/22/22/22,connected
1790721095,false,261/260/260/260/260,261/260/260/260/260,8938397a/bde30cc5/bde30cc5/bde30cc5/bde30cc5,0/0/0/0/0,4/4/4/4/4,269/268/269/268/268/265/263,22/22/22/22/22,connected
1790721109,false,263/263/263/263/263,263/263/263/263/263,b9eb5e11/b9eb5e11/b9eb5e11/b9eb5e11/b9eb5e11,1/1/1/1/1,4/4/4/4/4,269/268/269/268/268/265/265,22/22/22/22/22,connected
1790721124,false,264/264/264/264/264,264/264/264/264/264,1dd981fe/1dd981fe/1dd981fe/1dd981fe/1dd981fe,0/0/0/0/0,4/4/4/4/4,269/269/269/268/268/265/265,23/23/23/23/23,connected
1790721139,false,265/265/265/265/265,265/265/265/265/265,532c0a66/532c0a66/532c0a66/532c0a66/532c0a66,0/0/0/0/0,4/4/4/4/4,269/269/269/268/268/265/265,23/23/23/23/23,connected
1790721155,false,267/267/268/267/267,267/267/268/267/267,672d71a5/34f825b5/170fa2ae/34f825b5/34f825b5,0/0/0/0/0,4/4/4/4/4,271/269/271/268/268/265/265,22/22/22/22/22,connected
1790721169,false,270/270/271/270/270,271/270/271/270/270,ada46b10/ada46b10/e3b44600/ada46b10/ada46b10,0/0/0/0/0,4/4/4/4/4,269/269/269/268/268/265/265,23/23/24/23/23,connected
1790721185,false,273/273/273/273/273,273/273/273/273/273,4c735c87/42a7ecb9/42a7ecb9/42a7ecb9/42a7ecb9,0/1/1/1/1,4/4/4/4/4,269/269/269/269/268/265/265,24/24/24/24/24,connected
1790721200,false,276/276/276/276/276,276/276/276/276/276,d3145e19/d3145e19/d3145e19/d3145e19/d3145e19,0/0/0/0/0,4/4/4/4/4,269/269/269/269/268/265/265,25/25/25/25/25,connected
1790721215,false,277/277/277/277/277,277/277/277/277/277,f254cb6d/f254cb6d/f254cb6d/f254cb6d/f254cb6d,0/0/0/0/0,4/4/4/4/4,269/269/269/269/268/265/265,26/26/26/26/26,connected
1790721230,false,279/279/279/279/279,279/279/279/279/279,44b1d76f/44b1d76f/44b1d76f/44b1d76f/44b1d76f,0/0/0/0/0,4/4/4/4/4,269/269/269/269/269/265/265,26/26/26/26/26,connected
1790721245,false,281/281/281/281/281,281/281/281/281/281,f83054a9/f83054a9/f83054a9/f83054a9/f83054a9,0/0/0/0/0,4/4/4/4/4,269/269/269/269/269/265/265,26/26/26/26/26,connected
1790721261,false,283/283/283/283/283,283/283/283/283/283,696ac4e5/696ac4e5/696ac4e5/696ac4e5/696ac4e5,0/1/0/0/1,4/4/4/4/4,271/269/269/269/269/265/265,26/26/26/26/26,connected
1790721275,false,285/285/285/285/285,285/285/285/285/285,0bd4890a/0bd4890a/0bd4890a/0bd4890a/0bd4890a,0/0/0/0/0,4/4/4/4/4,269/269/269/269/269/265/265,27/27/27/27/27,connected
1790721290,false,287/287/287/287/287,287/287/287/287/287,09cafc5f/09cafc5f/09cafc5f/09cafc5f/09cafc5f,0/0/0/0/0,4/4/4/4/4,269/269/269/269/269/265/265,27/27/27/27/27,connected
1790721306,false,289/289/289/289/289,289/289/289/289/289,ff970295/ff970295/ff970295/ff970295/ff970295,0/0/0/0/0,4/4/4/4/4,269/269/269/269/269/265/265,27/27/27/27/27,connected
1790721321,false,290/290/290/290/290,290/290/290/290/290,d7e98f99/d7e98f99/d7e98f99/d7e98f99/d7e98f99,0/0/0/1/1,4/4/4/4/4,269/269/269/269/269/265/265,28/28/28/28/28,connected
1790721336,false,290/290/290/290/290,290/290/290/290/290,d7e98f99/d7e98f99/d7e98f99/d7e98f99/d7e98f99,1/1/1/1/1,4/4/4/4/4,269/269/269/269/269/265/265,28/28/28/28/28,connected
1790721351,false,290/290/290/290/290,290/290/290/290/290,d7e98f99/d7e98f99/d7e98f99/d7e98f99/d7e98f99,2/2/2/2/2,4/4/4/4/4,269/269/271/269/269/265/263,28/28/28/28/28,connected
1790721366,false,291/291/291/291/291,291/291/291/291/291,41dd5851/41dd5851/41dd5851/41dd5851/41dd5851,0/0/0/0/0,4/4/4/4/4,269/269/269/269/269/265/265,28/28/28/28/28,connected
1790721381,false,293/293/293/293/293,293/293/293/293/293,b3d48095/b3d48095/b3d48095/b3d48095/b3d48095,0/0/0/0/0,4/4/4/4/4,269/269/269/269/269/263/265,24/24/24/24/24,connected
1790721396,false,296/296/296/296/296,296/296/296/296/296,f7ad80fe/f7ad80fe/f7ad80fe/f7ad80fe/f7ad80fe,0/0/0/0/0,4/4/4/4/4,269/269/269/269/269/265/265,25/25/25/25/25,connected
1790721411,false,298/298/298/298/298,298/298/298/298/298,7d598f58/7d598f58/7d598f58/7d598f58/7d598f58,0/0/0/0/0,4/4/4/4/4,269/269/269/269/269/265/265,26/26/26/26/26,connected
1790721426,false,300/300/300/300/300,300/300/300/300/300,92e5301d/92e5301d/92e5301d/92e5301d/92e5301d,0/0/0/0/0,4/4/4/4/4,269/269/269/269/269/265/265,25/25/25/25/25,connected
1790721441,false,301/301/301/301/301,301/301/301/301/301,e89de3a0/e89de3a0/e89de3a0/e89de3a0/e89de3a0,0/0/0/0/1,4/4/4/4/4,269/269/269/269/269/265/265,26/26/26/26/26,connected
1790721456,false,304/304/304/304/304,304/304/304/304/304,fa6f7c83/fa6f7c83/fa6f7c83/fa6f7c83/fa6f7c83,0/0/0/0/0,4/4/4/4/4,269/269/269/269/269/265/265,26/26/26/26/26,connected
1790721471,false,305/305/305/305/305,305/305/305/305/305,f4e2e8e1/f4e2e8e1/f4e2e8e1/f4e2e8e1/f4e2e8e1,0/0/0/0/0,4/4/4/4/4,269/269/269/269/269/265/265,26/26/26/26/26,connected
1790721487,false,306/306/306/306/306,306/306/306/306/306,f7e6d05e/f7e6d05e/f7e6d05e/f7e6d05e/f7e6d05e,0/0/0/0/0,4/4/4/4/4,269/269/269/269/269/265/265,27/27/27/27/27,connected
1790721502,false,307/307/307/307/307,307/307/307/307/307,676ae40a/676ae40a/676ae40a/676ae40a/676ae40a,0/0/0/1/1,4/4/4/4/4,269/269/269/269/269/265/265,26/26/26/26/26,connected
1790721519,false,311/310/311/310/310,311/310/311/310/310,76780adc/7ea1aa4c/d13ba602/7ea1aa4c/7ea1aa4c,0/0/0/0/0,4/4/4/4/4,271/271/269/269/269/265/265,27/26/27/26/26,connected
1790721532,false,312/312/312/312/312,312/312/312/312/312,95fd1cc3/95fd1cc3/95fd1cc3/95fd1cc3/95fd1cc3,0/0/0/0/0,4/4/4/4/4,269/269/269/269/269/265/265,27/27/27/27/27,connected
1790721547,false,313/313/313/313/313,313/313/313/313/313,089f6fcb/089f6fcb/089f6fcb/089f6fcb/089f6fcb,1/1/1/1/1,4/4/4/4/4,269/269/269/269/268/265/265,27/27/27/27/27,connected
1790721562,false,315/315/315/315/315,315/315/315/315/315,3f637a67/3f637a67/3f637a67/3f637a67/3f637a67,0/0/0/0/0,4/4/4/4/4,269/269/269/269/269/265/265,26/26/26/26/26,connected
1790721579,false,316/316/316/316/316,316/316/316/316/316,dea5652b/dea5652b/dea5652b/dea5652b/dea5652b,0/0/0/0/0,4/4/4/4/4,269/269/269/269/269/263/265,27/27/27/27/27,connected
1790721592,false,318/318/318/318/318,318/318/318/318/318,887f8eb0/887f8eb0/887f8eb0/887f8eb0/887f8eb0,0/0/0/0/0,4/4/4/4/4,269/269/269/269/269/265/265,27/27/27/27/27,connected
1790721607,false,320/320/320/320/320,320/320/320/320/320,d1276a66/d1276a66/d1276a66/d1276a66/d1276a66,0/0/0/0/0,4/4/4/4/4,269/269/269/269/269/265/265,27/27/27/27/27,connected
1790721623,false,321/321/321/321/321,321/321/321/321/321,f47657fb/f47657fb/f47657fb/f47657fb/f47657fb,0/0/0/1/0,4/4/4/4/4,269/269/269/269/269/265/265,27/27/27/27/27,connected
1790721638,false,322/322/322/322/322,322/322/322/322/322,477b6a6a/477b6a6a/477b6a6a/477b6a6a/477b6a6a,0/0/0/0/0,4/4/4/4/4,269/269/269/269/269/265/265,27/27/27/27/27,connected
1790721653,false,322/322/322/322/322,322/322/322/322/322,477b6a6a/477b6a6a/477b6a6a/477b6a6a/477b6a6a,0/0/0/0/0,4/4/4/4/4,269/269/269/269/269/265/263,27/27/27/27/27,connected
1790721668,false,323/323/323/323/323,323/323/323/323/323,e4a7337e/e4a7337e/e4a7337e/e4a7337e/e4a7337e,1/1/1/1/1,4/4/4/4/4,269/269/269/269/269/265/265,27/27/27/27/27,connected
1790721683,false,324/324/324/324/324,324/324/324/324/324,21cc4f5c/21cc4f5c/21cc4f5c/21cc4f5c/21cc4f5c,1/1/1/1/1,4/4/4/4/4,269/269/269/269/269/265/265,26/26/26/26/26,connected
1790721699,false,326/326/326/326/326,326/326/326/326/326,8e1e2283/8e1e2283/8e1e2283/8e1e2283/8e1e2283,0/0/0/0/0,4/4/4/4/4,269/269/269/269/269/265/265,24/24/24/24/24,connected
1790721713,false,327/327/327/327/327,327/327/327/327/327,11965884/11965884/11965884/11965884/11965884,0/0/0/0/0,4/4/4/4/4,269/269/269/269/269/265/265,25/25/25/25/25,connected
1790721729,false,329/329/329/329/329,329/329/329/329/329,6caba085/6caba085/6caba085/6caba085/6caba085,0/0/0/0/0,4/4/4/4/4,269/269/269/269/269/265/265,25/25/25/25/25,connected
1790721744,false,331/331/331/331/331,331/331/331/331/331,5c7256cf/5c7256cf/5c7256cf/5c7256cf/5c7256cf,0/0/0/0/0,4/4/4/4/4,269/269/269/269/269/265/265,25/25/25/25/25,connected
1790721759,false,332/332/332/332/332,332/332/332/332/332,12d3ac19/12d3ac19/12d3ac19/12d3ac19/12d3ac19,0/0/0/0/0,4/4/4/4/4,269/269/269/269/269/265/265,25/25/25/25/25,connected
1790721773,false,334/334/334/334/334,334/334/334/334/334,76c40fd0/76c40fd0/76c40fd0/76c40fd0/76c40fd0,0/0/0/0/0,4/4/4/4/4,269/269/269/269/269/265/265,25/25/25/25/25,connected
1790721789,false,334/334/334/334/334,334/334/334/334/334,76c40fd0/76c40fd0/76c40fd0/76c40fd0/76c40fd0,0/0/0/0/0,4/4/4/4/4,269/269/269/269/269/265/265,25/25/25/25/25,connected
1790721804,false,334/334/334/334/334,334/334/334/334/334,76c40fd0/76c40fd0/76c40fd0/76c40fd0/76c40fd0,0/0/0/0/0,4/4/4/4/4,269/269/269/269/269/265/265,25/25/25/25/25,connected
1790721819,false,334/334/334/334/334,334/334/334/334/334,76c40fd0/76c40fd0/76c40fd0/76c40fd0/76c40fd0,1/1/1/1/1,4/4/4/4/4,269/269/269/269/269/265/265,25/25/25/25/25,connected
1790721834,false,334/334/334/334/334,334/334/334/334/334,76c40fd0/76c40fd0/76c40fd0/76c40fd0/76c40fd0,1/1/1/1/1,4/4/4/4/4,269/269/269/269/269/265/265,25/25/25/25/25,connected
1790721849,false,335/335/335/335/335,335/335/335/335/335,acd1cfdc/acd1cfdc/acd1cfdc/acd1cfdc/acd1cfdc,1/1/1/1/1,4/4/4/4/4,269/269/269/269/269/265/265,25/25/25/25/25,connected
1790721864,false,338/338/338/338/338,338/338/338/338/338,bcbf0ace/bcbf0ace/bcbf0ace/bcbf0ace/bcbf0ace,0/0/0/0/0,4/4/4/4/4,269/269/269/269/269/265/265,22/22/22/22/22,connected
1790721879,false,339/339/339/339/339,339/339/339/339/339,5fd3d44c/5fd3d44c/5fd3d44c/5fd3d44c/5fd3d44c,0/0/0/0/0,4/4/4/4/4,269/269/269/269/269/265/265,22/22/22/22/22,connected
1790721895,false,340/340/340/340/340,340/340/340/340/340,aa5d7687/aa5d7687/aa5d7687/aa5d7687/aa5d7687,0/0/0/0/0,4/4/4/4/4,269/269/271/269/269/265/265,22/22/22/22/22,connected
1790721909,false,342/342/341/342/342,342/342/342/342/342,14559cf9/14559cf9/e955d53a/14559cf9/14559cf9,0/0/0/0/0,4/4/4/4/4,269/269/269/269/269/265/265,22/22/23/22/22,connected
1790721924,false,344/344/344/344/344,344/344/344/344/344,4b3ab487/4b3ab487/4b3ab487/4b3ab487/4b3ab487,0/0/0/0/0,4/4/4/4/4,269/269/269/269/269/265/265,22/22/22/22/22,connected
1790721939,false,344/344/344/344/344,344/344/344/344/344,4b3ab487/4b3ab487/4b3ab487/4b3ab487/4b3ab487,0/0/0/0/0,4/4/4/4/4,269/269/269/269/269/265/265,22/22/22/22/22,connected
1790721954,false,346/346/346/346/346,346/346/346/346/346,e0cc2418/e0cc2418/e0cc2418/e0cc2418/e0cc2418,0/0/0/0/0,4/4/4/4/4,269/269/269/269/269/265/265,22/22/22/22/22,connected
1790721970,false,349/349/349/349/349,349/349/349/349/349,2663bada/2663bada/2663bada/2663bada/2663bada,0/0/0/0/0,4/4/4/4/4,269/269/269/269/269/265/265,22/22/22/22/22,connected
1790721985,false,349/349/349/349/349,349/349/349/349/349,2663bada/2663bada/2663bada/2663bada/2663bada,0/0/0/0/0,4/4/4/4/4,269/269/269/269/269/265/265,22/22/22/22/22,connected
1790722000,false,351/351/351/351/351,351/351/351/351/351,5fd3e86a/5fd3e86a/5fd3e86a/5fd3e86a/5fd3e86a,1/1/1/1/1,4/4/4/4/4,269/269/269/269/269/265/265,22/22/22/22/22,connected
1790722015,false,353/353/353/353/353,353/353/353/353/353,2b98b445/2b98b445/2b98b445/2b98b445/2b98b445,0/0/0/0/0,4/4/4/4/4,269/269/269/269/269/265/265,22/22/22/22/22,connected
1790722030,false,355/355/355/355/355,355/355/355/355/355,c7541d44/c7541d44/c7541d44/c7541d44/c7541d44,1/1/1/1/1,4/4/4/4/4,269/269/269/269/269/265/265,23/23/23/23/23,connected
1790722045,false,357/357/357/357/357,357/357/357/357/357,758c3fe6/758c3fe6/758c3fe6/758c3fe6/758c3fe6,0/0/0/0/0,4/4/4/4/4,269/269/269/269/269/265/265,23/23/23/23/23,connected
1790722060,false,359/359/359/359/359,359/359/359/359/359,1d87919f/1d87919f/1d87919f/1d87919f/1d87919f,0/0/0/0/0,4/4/4/4/4,269/269/269/269/269/265/265,23/23/23/23/23,connected
1790722076,false,361/361/361/361/361,361/361/361/361/361,b875f3ec/b875f3ec/b875f3ec/b875f3ec/b875f3ec,1/1/1/1/1,4/4/4/4/4,269/269/272/269/269/265/265,23/23/23/23/23,connected
1790722091,false,362/362/362/362/362,362/362/362/362/362,eda0fe7f/eda0fe7f/eda0fe7f/eda0fe7f/eda0fe7f,1/0/1/1/1,4/4/4/4/4,271/269/269/271/271/265/265,24/24/24/24/24,connected
1790722106,false,366/366/367/366/366,366/366/367/366/366,3308e704/3308e704/0b84f6f8/3308e704/3308e704,0/0/0/0/0,4/4/4/4/4,271/269/270/269/269/265/265,24/24/24/24/24,connected
1790722121,false,369/369/369/369/369,369/369/369/369/369,53df939b/53df939b/53df939b/53df939b/53df939b,0/0/0/0/0,4/4/4/4/4,269/269/270/269/269/265/265,25/25/25/25/25,connected
1790722136,false,371/371/371/371/371,371/371/371/371/371,8de0dc35/8de0dc35/8de0dc35/8de0dc35/8de0dc35,1/1/1/1/1,4/4/4/4/4,271/269/270/269/269/265/265,26/26/26/26/26,connected
1790722151,false,374/374/374/374/374,374/374/374/374/374,28986a22/28986a22/28986a22/28986a22/28986a22,0/0/0/0/0,4/4/4/4/4,269/269/270/269/269/265/265,27/27/27/27/27,connected
1790722166,false,375/375/375/375/375,375/375/375/375/375,07d21e09/07d21e09/07d21e09/07d21e09/07d21e09,0/0/0/0/0,4/4/4/4/4,269/269/272/269/269/265/263,27/27/27/27/27,connected
1790722182,false,376/376/376/376/376,376/376/376/376/376,4bd37c5c/4bd37c5c/4bd37c5c/4bd37c5c/4bd37c5c,0/0/0/0/0,4/4/4/4/4,271/269/270/269/269/265/265,27/27/27/27/27,connected
1790722196,false,377/377/377/377/377,377/377/377/377/377,8bd80e1c/8bd80e1c/8bd80e1c/8bd80e1c/8bd80e1c,1/1/1/1/1,4/4/4/4/4,269/269/270/269/269/265/265,27/27/27/27/27,connected
1790722211,false,380/380/380/380/380,380/380/380/380/380,abedb402/abedb402/abedb402/abedb402/abedb402,0/0/0/0/0,4/4/4/4/4,269/269/270/269/269/265/265,27/27/27/27/27,connected
1790722226,false,380/380/380/380/380,380/380/380/380/380,abedb402/abedb402/abedb402/abedb402/abedb402,1/1/1/1/1,4/4/4/4/4,269/269/270/269/269/265/265,27/27/27/27/27,connected
1790722242,false,383/382/383/382/382,383/382/383/382/382,d04184a2/137d9e47/bdc74539/137d9e47/137d9e47,0/0/0/0/0,4/4/4/4/4,271/271/269/269/269/265/265,26/26/26/26/26,connected
1790722257,false,383/383/383/383/383,383/383/383/383/383,d04184a2/d04184a2/bdc74539/d04184a2/d04184a2,1/1/1/1/1,4/4/4/4/4,269/269/269/269/269/265/265,26/26/26/26/26,connected
1790722272,false,384/384/384/384/384,384/384/384/384/384,3eedb352/3eedb352/3eedb352/3eedb352/3eedb352,0/0/0/0/0,4/4/4/4/4,270/269/270/269/269/265/265,27/27/27/27/27,connected
1790722287,false,385/385/385/385/385,385/385/385/385/385,6ba6717d/6ba6717d/6ba6717d/6ba6717d/6ba6717d,1/0/0/1/0,4/4/4/4/4,270/269/269/269/269/265/265,26/26/26/26/26,connected
1790722302,false,386/386/386/386/386,386/386/386/386/386,31ea22e4/31ea22e4/31ea22e4/31ea22e4/31ea22e4,1/1/1/2/1,4/4/4/4/4,270/269/270/269/269/265/265,26/26/26/26/26,connected
1790722316,false,387/387/387/387/387,387/387/387/387/387,12e308ed/12e308ed/12e308ed/12e308ed/12e308ed,0/0/0/0/0,4/4/4/4/4,270/269/270/269/269/265/265,25/25/25/25/25,connected
1790722332,false,388/388/388/388/388,388/388/388/388/388,0db0c225/0db0c225/0db0c225/0db0c225/0db0c225,0/0/0/0/0,4/4/4/4/4,270/269/270/269/269/265/265,24/24/24/24/24,connected
1790722347,false,389/389/389/389/389,389/389/389/389/389,6e175b17/6e175b17/6e175b17/6e175b17/6e175b17,2/2/1/2/2,4/4/4/4/4,270/269/270/269/269/265/265,24/24/24/24/24,connected
1790722362,false,390/390/390/390/390,390/390/390/390/390,5fc09c5b/5fc09c5b/5fc09c5b/5fc09c5b/5fc09c5b,0/0/0/0/0,4/4/4/4/4,270/269/270/269/269/265/263,24/24/24/24/24,connected
1790722378,false,392/392/393/392/392,392/392/393/392/392,aa896abf/aa896abf/f8078c3d/aa896abf/aa896abf,1/1/1/1/1,4/4/4/4/4,272/269/270/269/269/265/265,24/24/24/24/24,connected
1790722392,false,394/394/394/394/394,394/394/394/394/394,f99e34b5/f99e34b5/f99e34b5/f99e34b5/f99e34b5,0/0/0/0/0,4/4/4/4/4,270/269/270/269/269/265/265,24/24/24/24/24,connected
1790722408,false,398/397/397/397/397,398/397/397/397/397,2a794036/0a37d3be/0a37d3be/0a37d3be/0a37d3be,0/0/1/0/0,4/4/4/4/4,270/269/270/269/269/265/265,25/25/25/25/25,connected
1790722422,false,399/399/399/399/399,399/399/399/399/399,20787b1a/20787b1a/20787b1a/20787b1a/20787b1a,1/1/0/0/1,4/4/4/4/4,270/269/270/269/269/265/265,25/25/25/25/25,connected
1790722438,false,401/401/401/401/401,401/401/401/401/401,8d138eee/8d138eee/8d138eee/8d138eee/8d138eee,0/0/0/0/0,4/4/4/4/4,272/269/272/269/269/265/265,25/25/25/25/25,connected
1790722453,false,403/403/403/403/403,403/403/403/403/403,240af780/240af780/240af780/240af780/240af780,0/0/0/0/0,4/4/4/4/4,270/269/270/269/269/265/265,26/26/26/26/26,connected
1790722470,false,405/405/405/405/405,405/405/405/405/405,23cf1c4d/23cf1c4d/23cf1c4d/23cf1c4d/23cf1c4d,1/1/1/1/1,4/4/4/4/4,270/269/270/269/269/265/265,26/26/26/26/26,connected
1790722483,false,405/405/405/405/405,405/405/405/405/405,23cf1c4d/23cf1c4d/23cf1c4d/23cf1c4d/23cf1c4d,1/1/1/1/1,4/4/4/4/4,270/269/270/269/269/265/265,26/26/26/26/26,connected
1790722499,false,406/406/406/406/406,406/406/406/406/406,950bc1c5/91d6f356/91d6f356/91d6f356/91d6f356,1/0/1/1/1,4/4/4/4/4,270/269/269/269/269/265/265,26/26/26/26/26,connected
1790722514,false,406/406/406/406/406,406/406/406/406/406,950bc1c5/91d6f356/91d6f356/91d6f356/91d6f356,2/2/2/2/2,4/4/4/4/4,270/269/270/269/269/265/265,26/26/26/26/26,connected
1790722529,false,410/410/410/410/410,410/410/410/410/410,a465b868/a465b868/a465b868/a465b868/a465b868,1/1/1/1/1,4/4/4/4/4,272/270/270/269/269/265/265,25/25/25/25/25,connected
1790722544,false,412/412/413/412/412,412/412/413/412/412,b5f83b35/b5f83b35/e6b7d7c1/b5f83b35/b5f83b35,1/0/1/1/0,4/4/4/4/4,270/270/270/269/269/265/265,25/25/26/25/25,connected
1790722558,false,415/415/415/415/415,415/415/415/415/415,22dd913c/22dd913c/22dd913c/22dd913c/22dd913c,0/0/0/0/0,4/4/4/4/4,270/270/270/269/269/265/265,26/26/26/26/26,connected
1790722573,false,416/416/416/416/416,416/416/416/416/416,b0513aa9/b0513aa9/b0513aa9/b0513aa9/b0513aa9,0/0/0/0/0,4/4/4/4/4,270/270/270/269/269/265/265,27/27/27/27/27,connected
1790722588,false,418/418/418/418/418,418/418/418/418/418,53ccabeb/53ccabeb/53ccabeb/53ccabeb/53ccabeb,1/1/1/1/1,4/4/4/4/4,270/270/270/270/269/265/265,27/27/27/27/27,connected
1790722603,false,420/420/420/420/420,420/420/420/420/420,fec8fcb0/fec8fcb0/fec8fcb0/fec8fcb0/fec8fcb0,0/0/0/0/0,4/4/4/4/4,270/270/270/269/269/265/265,27/27/27/27/27,connected
1790722618,false,422/422/422/422/422,422/422/422/422/422,9c32e811/9c32e811/9c32e811/9c32e811/9c32e811,1/1/1/1/1,4/4/4/4/4,270/270/270/269/269/265/265,27/27/27/27/27,connected
1790722634,false,423/423/423/423/423,423/423/423/423/423,d724e434/d724e434/d724e434/d724e434/d724e434,0/0/0/0/0,4/4/4/4/4,270/270/270/269/269/265/263,27/27/27/27/27,connected
1790722649,false,425/425/425/425/425,425/425/425/425/425,322df7b8/322df7b8/322df7b8/322df7b8/322df7b8,0/0/0/0/0,4/4/4/4/4,270/270/270/269/270/265/265,27/27/27/27/27,connected
1790722664,false,425/425/425/425/425,425/425/425/425/425,322df7b8/322df7b8/322df7b8/322df7b8/322df7b8,2/1/2/2/2,4/4/4/4/4,270/270/270/269/270/265/265,27/27/27/27/27,connected
1790722679,false,430/430/431/430/430,430/430/431/430/430,8a3b2a00/8a3b2a00/19034d14/8a3b2a00/8a3b2a00,0/0/0/0/0,4/4/4/4/4,270/270/270/269/270/265/265,28/28/28/28/28,connected
1790722694,false,432/432/432/432/432,432/432/432/432/432,b754e0ef/b754e0ef/b754e0ef/b754e0ef/b754e0ef,1/1/1/1/1,4/4/4/4/4,270/270/270/269/270/265/265,29/29/29/29/29,connected
1790722709,false,434/434/434/434/434,434/434/434/434/434,409f4370/409f4370/409f4370/409f4370/409f4370,1/1/1/1/1,4/4/4/4/4,270/270/270/269/270/265/265,30/30/30/30/30,connected
1790722724,false,434/434/434/434/434,434/434/434/434/434,409f4370/409f4370/409f4370/409f4370/409f4370,1/1/1/1/1,4/4/4/4/4,270/270/270/269/270/265/263,30/30/30/30/30,connected
1790722739,false,435/435/435/435/435,435/435/435/435/435,bbefead3/bbefead3/bbefead3/bbefead3/bbefead3,1/1/1/1/1,4/4/4/4/4,270/270/270/269/270/265/265,30/30/30/30/30,connected
1790722755,false,437/437/437/437/437,437/437/437/437/437,92666a25/92666a25/92666a25/92666a25/92666a25,0/0/0/0/0,4/4/4/4/4,270/270/270/270/270/265/265,29/29/29/29/29,connected
1790722770,false,439/439/439/439/439,439/439/439/439/439,11580752/11580752/11580752/11580752/11580752,0/0/0/0/0,4/4/4/4/4,272/270/270/270/270/265/265,28/28/28/28/28,connected
1790722785,false,441/441/441/441/441,441/441/441/441/441,25797a76/25797a76/25797a76/25797a76/25797a76,0/0/0/0/0,4/4/4/4/4,270/270/270/270/270/265/265,29/29/29/29/29,connected
1790722800,false,442/442/442/442/442,442/442/442/442/442,c69d55b9/c69d55b9/c69d55b9/c69d55b9/c69d55b9,0/0/0/0/0,4/4/4/4/4,270/270/270/270/270/265/265,29/29/29/29/29,connected
1790722815,false,443/443/443/443/443,443/443/443/443/443,9aa86dbb/9aa86dbb/9aa86dbb/9aa86dbb/9aa86dbb,1/1/1/0/1,4/4/4/4/4,270/270/270/270/270/265/265,29/29/29/29/29,connected
1790722830,false,444/444/444/444/444,444/444/444/444/444,6daeeba6/6daeeba6/6daeeba6/6daeeba6/6daeeba6,0/0/0/0/0,4/4/4/4/4,270/270/270/270/270/265/265,28/28/28/28/28,connected
1790722845,false,444/444/444/444/444,444/444/444/444/444,6daeeba6/6daeeba6/6daeeba6/6daeeba6/6daeeba6,1/1/1/1/1,4/4/4/4/4,270/270/270/270/270/265/265,28/28/28/28/28,connected
1790722860,false,447/447/447/447/447,447/447/447/447/447,0dfe4bfb/0dfe4bfb/0dfe4bfb/0dfe4bfb/0dfe4bfb,0/0/1/1/1,4/4/4/4/4,270/270/270/270/270/265/265,27/27/27/27/27,connected
1790722876,false,447/447/447/447/447,447/447/447/447/447,0dfe4bfb/0dfe4bfb/0dfe4bfb/0dfe4bfb/0dfe4bfb,1/1/1/1/1,4/4/4/4/4,270/270/272/270/270/265/265,27/27/27/27/27,connected
1790722890,false,449/449/449/449/449,449/449/449/449/449,c24a7149/c24a7149/c24a7149/c24a7149/c24a7149,0/0/0/0/0,4/4/4/4/4,270/270/271/270/270/265/265,27/27/27/27/27,connected
1790722905,false,449/449/449/449/449,449/449/449/449/449,c24a7149/c24a7149/c24a7149/c24a7149/c24a7149,0/0/0/0/0,4/4/4/4/4,269/269/270/269/269/265/265,27/27/27/27/27,connected
1790722921,false,452/452/452/452/452,452/452/452/452/452,12a3f20d/12a3f20d/12a3f20d/12a3f20d/12a3f20d,0/0/0/0/0,4/4/4/4/4,270/269/270/269/269/265/265,27/27/27/27/27,connected
1790722936,false,455/455/455/455/455,455/455/455/455/455,752d972d/752d972d/752d972d/752d972d/752d972d,1/1/1/1/1,4/4/4/4/4,270/269/270/269/269/265/265,28/28/28/28/28,connected
1790722951,false,457/457/457/457/457,457/457/457/457/457,57a70d78/57a70d78/57a70d78/57a70d78/57a70d78,0/0/0/0/0,4/4/4/4/4,270/269/270/269/269/265/265,28/28/28/28/28,connected
1790722966,false,457/457/457/457/457,457/457/457/457/457,57a70d78/57a70d78/57a70d78/57a70d78/57a70d78,2/2/2/2/2,4/4/4/4/4,270/269/270/269/269/265/265,28/28/28/28/28,connected
1790722981,false,459/459/459/459/459,459/459/459/459/459,c944d3ec/c944d3ec/c944d3ec/c944d3ec/c944d3ec,0/0/0/0/0,4/4/4/4/4,270/269/270/269/269/265/265,27/27/27/27/27,connected
1790722996,false,460/460/460/460/460,460/460/460/460/460,8a1ed3d6/8a1ed3d6/8a1ed3d6/8a1ed3d6/8a1ed3d6,1/1/1/1/1,4/4/4/4/4,270/269/270/269/269/265/265,27/27/27/27/27,connected
1790723011,false,461/461/461/461/461,461/461/461/461/461,4bd0fa97/4bd0fa97/4bd0fa97/4bd0fa97/4bd0fa97,0/0/0/0/0,4/4/4/4/4,270/269/272/269/269/265/263,27/27/27/27/27,connected
1790723026,false,464/464/464/464/464,464/464/464/464/464,e0f0562b/e0f0562b/e0f0562b/e0f0562b/e0f0562b,1/1/2/2/2,4/4/4/4/4,270/269/270/269/269/265/265,27/27/27/27/27,connected
1790723041,false,465/465/465/465/465,465/465/465/465/465,cde02243/cde02243/cde02243/cde02243/cde02243,0/0/0/0/0,4/4/4/4/4,270/269/270/269/269/265/265,28/28/28/28/28,connected
1790723056,false,465/465/465/465/465,465/465/465/465/465,cde02243/cde02243/cde02243/cde02243/cde02243,1/1/1/1/1,4/4/4/4/4,270/269/270/269/269/265/265,28/28/28/28/28,connected
1790723071,false,466/466/466/466/466,466/466/466/466/466,d4ca3223/d4ca3223/d4ca3223/d4ca3223/d4ca3223,1/1/1/1/1,4/4/4/4/4,270/269/272/269/269/265/265,27/27/27/27/27,connected
1790723087,false,469/468/468/468/468,469/468/468/468/468,89c87c69/2e59b110/2e59b110/2e59b110/2e59b110,1/1/1/1/1,4/4/4/4/4,270/269/270/269/269/265/265,27/26/26/26/26,connected
1790723102,false,471/471/471/471/471,471/471/471/471/471,0f2abd18/0f2abd18/0f2abd18/0f2abd18/0f2abd18,0/0/0/0/0,4/4/4/4/4,270/269/270/269/269/265/265,27/27/27/27/27,connected
1790723117,false,472/472/472/472/472,472/472/472/472/472,a528b9d9/a528b9d9/a528b9d9/a528b9d9/a528b9d9,1/1/1/1/1,4/4/4/4/4,270/269/270/269/269/265/265,27/27/27/27/27,connected
1790723132,false,474/474/474/474/474,474/474/474/474/474,fb6f50a8/fb6f50a8/fb6f50a8/fb6f50a8/fb6f50a8,1/1/1/1/1,4/4/4/4/4,270/269/270/269/269/265/265,27/27/27/27/27,connected
1790723147,false,474/474/474/474/474,474/474/474/474/474,fb6f50a8/fb6f50a8/fb6f50a8/fb6f50a8/fb6f50a8,2/2/2/2/2,4/4/4/4/4,270/269/270/269/269/265/265,27/27/27/27/27,connected
1790723162,false,474/474/474/474/474,474/474/474/474/474,fb6f50a8/fb6f50a8/fb6f50a8/fb6f50a8/fb6f50a8,2/2/2/2/2,4/4/4/4/4,270/269/270/269/269/265/265,27/27/27/27/27,connected
1790723178,false,476/476/476/476/476,476/476/476/476/476,366a7d1a/366a7d1a/366a7d1a/366a7d1a/366a7d1a,0/1/1/1/0,4/4/4/4/4,270/269/270/269/269/265/265,25/25/25/25/25,connected
1790723192,false,477/477/477/477/477,477/477/477/477/477,63a56398/63a56398/63a56398/63a56398/63a56398,0/0/0/0/0,4/4/4/4/4,270/269/270/269/269/265/265,26/26/26/26/26,connected
1790723210,false,478/478/478/478/478,478/478/478/478/478,4261345a/4261345a/4261345a/4261345a/4261345a,1/1/1/1/1,4/4/4/4/4,270/269/272/269/269/265/265,25/25/25/25/25,connected
1790723222,false,480/480/480/480/480,480/480/480/480/480,61b9c31a/61b9c31a/61b9c31a/61b9c31a/61b9c31a,0/0/0/0/0,4/4/4/4/4,270/269/270/269/269/265/265,25/25/25/25/25,connected
1790723238,false,480/480/481/480/480,480/480/481/480/480,61b9c31a/61b9c31a/d7fac813/61b9c31a/61b9c31a,1/1/0/1/1,4/4/4/4/4,272/269/270/269/269/265/265,25/25/26/25/25,connected
1790723253,false,481/481/482/481/481,481/481/482/481/481,d7fac813/d7fac813/57d3d8ec/d7fac813/d7fac813,1/1/0/1/1,4/4/4/4/4,272/271/270/269/269/265/265,26/26/25/26/26,connected
1790723267,false,484/484/484/484/484,484/484/484/484/484,4584886e/4584886e/4584886e/4584886e/4584886e,0/0/0/0/0,4/4/4/4/4,270/269/270/269/269/265/265,25/25/25/25/25,connected
1790723282,false,486/486/486/486/486,486/486/486/486/486,87cb0933/87cb0933/87cb0933/87cb0933/87cb0933,0/0/0/0/0,4/4/4/4/4,270/270/270/269/269/265/265,25/25/25/25/25,connected
1790723298,false,488/488/488/488/488,488/488/488/488/488,96c4607e/96c4607e/96c4607e/96c4607e/96c4607e,0/0/0/0/0,4/4/4/4/4,270/270/270/270/269/265/265,25/25/25/25/25,connected
1790723313,false,489/489/489/489/489,489/489/489/489/489,efb0121e/efb0121e/efb0121e/efb0121e/efb0121e,0/0/1/0/0,4/4/4/4/4,270/270/270/270/270/265/263,25/25/25/25/25,connected
1790723328,false,491/491/491/491/491,491/491/491/491/491,9e17df43/9e17df43/9e17df43/9e17df43/9e17df43,1/1/1/1/1,4/4/4/4/4,270/270/270/270/270/265/265,25/25/25/25/25,connected
1790723343,false,494/494/494/494/494,494/494/494/494/494,650058b6/650058b6/650058b6/650058b6/650058b6,0/0/0/0/0,4/4/4/4/4,272/269/270/270/270/265/265,26/26/26/26/26,connected
1790723358,false,495/495/495/495/495,495/495/495/495/495,788a6617/788a6617/788a6617/788a6617/788a6617,0/0/0/0/0,4/4/4/4/4,270/269/270/270/270/265/265,26/26/26/26/26,connected
1790723373,false,496/496/496/496/496,496/496/496/496/496,6c29c2d8/6c29c2d8/6c29c2d8/6c29c2d8/6c29c2d8,1/1/1/1/1,4/4/4/4/4,270/269/270/270/270/265/265,26/26/26/26/26,connected
1790723388,false,497/497/497/497/497,497/497/497/497/497,b7bcb02b/b7bcb02b/b7bcb02b/b7bcb02b/b7bcb02b,1/1/1/1/1,4/4/4/4/4,270/270/270/270/270/265/265,26/26/26/26/26,connected
1790723404,false,502/501/501/501/501,502/501/501/501/501,840f3fb2/41319503/41319503/41319503/41319503,0/0/0/0/0,4/4/4/4/4,270/270/270/270/270/265/265,27/26/26/26/26,connected
1790723419,false,504/504/504/504/504,504/504/504/504/504,3629bec3/3629bec3/3629bec3/3629bec3/3629bec3,0/0/0/0/0,4/4/4/4/4,270/270/270/270/270/265/265,27/27/27/27/27,connected
1790723434,false,505/505/505/505/505,505/505/505/505/505,e607f5a9/e607f5a9/ae0cb5f5/e607f5a9/e607f5a9,0/0/0/0/0,4/4/4/4/4,270/270/270/270/270/265/263,28/28/28/28/28,connected
1790723449,false,509/509/509/509/509,509/509/509/509/509,029f3cac/029f3cac/029f3cac/029f3cac/029f3cac,0/0/0/0/0,4/4/4/4/4,270/270/270/270/270/265/265,29/29/29/29/29,connected
1790723464,false,511/511/511/511/511,511/511/511/511/511,3971110b/3971110b/3971110b/3971110b/3971110b,0/0/0/0/0,4/4/4/4/4,270/270/270/270/270/265/265,29/29/29/29/29,connected
1790723479,false,512/512/512/512/512,512/512/512/512/512,d2ecff04/d2ecff04/d2ecff04/d2ecff04/d2ecff04,0/0/0/0/0,4/4/4/4/4,270/270/270/270/270/265/265,30/30/30/30/30,connected
1790723494,false,515/515/515/515/515,515/515/515/515/515,1f72fdf4/1f72fdf4/1f72fdf4/1f72fdf4/1f72fdf4,1/0/0/0/0,4/4/4/4/4,270/270/270/270/270/265/265,30/30/30/30/30,connected
1790723509,false,517/517/517/517/517,517/517/517/517/517,9b5aca61/9b5aca61/9b5aca61/9b5aca61/9b5aca61,0/0/0/0/0,4/4/4/4/4,270/270/270/270/270/265/265,31/31/31/31/31,connected
1790723525,false,518/518/518/518/518,518/518/518/518/518,a33c630c/a33c630c/a33c630c/a33c630c/a33c630c,2/2/2/2/2,4/4/4/4/4,270/270/270/270/270/265/265,31/31/31/31/31,connected
1790723540,false,519/519/519/519/519,519/519/519/519/519,1d41dca8/1d41dca8/1d41dca8/1d41dca8/1d41dca8,0/0/0/0/0,4/4/4/4/4,270/270/270/270/270/265/265,32/32/32/32/32,connected
1790723555,false,519/519/519/519/519,519/519/519/519/519,1d41dca8/1d41dca8/1d41dca8/1d41dca8/1d41dca8,1/1/1/1/1,4/4/4/4/4,270/270/270/270/270/265/265,32/32/32/32/32,connected
1790723570,false,520/520/520/520/520,520/520/520/520/520,0a502f45/0a502f45/f8e5c558/0a502f45/0a502f45,0/0/0/0/0,4/4/4/4/4,270/270/270/270/270/265/265,31/31/31/31/31,connected
1790723585,false,520/520/520/520/520,520/520/520/520/520,0a502f45/0a502f45/f8e5c558/0a502f45/0a502f45,0/0/0/0/0,4/4/4/4/4,270/270/270/270/270/265/265,31/31/31/31/31,connected
1790723601,false,521/521/521/521/521,521/521/521/521/521,1227604c/1227604c/1227604c/1227604c/1227604c,2/2/2/2/2,4/4/4/4/4,272/270/270/270/272/265/265,29/29/29/29/29,connected
1790723615,false,522/522/522/522/522,522/522/522/522/522,1790bf18/1790bf18/1790bf18/1790bf18/1790bf18,2/2/2/2/2,4/4/4/4/4,270/270/270/270/270/265/265,28/28/28/28/28,connected
1790723631,false,525/524/524/524/524,525/524/524/524/524,617f9dd8/42d05926/42d05926/42d05926/42d05926,0/0/0/0/0,4/4/4/4/4,270/270/270/270/270/265/265,27/27/27/27/27,connected
1790723645,false,526/526/526/526/526,526/526/526/526/526,a2513a20/a2513a20/a2513a20/a2513a20/a2513a20,0/0/0/0/0,4/4/4/4/4,270/270/270/270/270/265/265,27/27/27/27/27,connected
1790723661,false,528/528/528/528/528,528/528/528/528/528,95211b41/95211b41/95211b41/95211b41/95211b41,0/0/0/0/0,4/4/4/4/4,270/270/270/270/270/265/265,27/27/27/27/27,connected
1790723676,false,529/529/529/529/529,529/529/529/529/529,8b1a04bb/8b1a04bb/8b1a04bb/8b1a04bb/8b1a04bb,1/1/1/1/1,4/4/4/4/4,270/270/270/270/270/265/265,28/28/28/28/28,connected
1790723691,false,529/529/530/529/529,529/529/530/529/529,8b1a04bb/8b1a04bb/5c547ff1/8b1a04bb/8b1a04bb,1/1/0/1/1,4/4/4/4/4,270/272/270/270/270/265/265,28/28/28/28/28,connected
1790723706,false,531/531/531/531/531,531/531/531/531/531,f3920a3e/f3920a3e/f3920a3e/f3920a3e/f3920a3e,0/0/1/0/0,4/4/4/4/4,270/270/270/270/270/265/265,26/26/26/26/26,connected
1790723721,false,535/535/535/535/535,535/535/535/535/535,85eb376a/85eb376a/85eb376a/85eb376a/85eb376a,0/0/0/0/0,4/4/4/4/4,272/270/270/270/270/265/265,27/27/27/27/27,connected
1790723736,false,538/538/538/538/538,538/538/538/538/538,3f72dfdb/3f72dfdb/3f72dfdb/3f72dfdb/3f72dfdb,2/2/2/1/1,4/4/4/4/4,270/270/270/270/270/265/265,29/29/29/29/29,connected
1790723753,false,541/541/541/541/541,541/541/541/541/541,59696458/59696458/59696458/59696458/59696458,0/0/0/0/0,4/4/4/4/4,270/270/270/270/270/263/265,30/30/30/30/30,connected
1790723766,false,542/542/542/542/542,542/542/542/542/542,5c397d8d/5c397d8d/5c397d8d/5c397d8d/5c397d8d,0/0/0/0/0,4/4/4/4/4,270/270/270/270/270/265/265,30/30/30/30/30,connected
